"Vote Type (FOR=1,AGAINST=2)","County","Candidate Name","Party","Office Name","Office District","Winner","Write-In?", LEGS 45,LEGS 26,LEGS 27C,LEGS 37B,LEGS 04,LEGS 47A,LEGS 02A,LEGS 08,LEGS 47B,LEGS 30A,LEGS 34A,LEGS 28,LEGS 44A,LEGS 07,LEGS 03B,LEGS 13,LEGS 17,LEGS 29B,LEGS 21,LEGS 31A,LEGS 34B,LEGS 44B,LEGS 12,LEGS 18,LEGS 11,LEGS 38B,LEGS 22,LEGS 31B,LEGS 33,LEGS 16,LEGS 20,LEGS 19,LEGS 23A,LEGS 32,LEGS 43,LEGS 25,LEGS 10,LEGS 36,LEGS 03A,LEGS 09B,LEGS 09A,LEGS 39,LEGS 05,LEGS 29A,LEGS 42A,LEGS 30B,LEGS 46,LEGS 27B,LEGS 29C,LEGS 35A,LEGS 14,LEGS 15,LEGS 01B,LEGS 40,LEGS 41,LEGS 35B,LEGS 24,LEGS 37A,LEGS 01A,LEGS 01C,LEGS 42B,LEGS 38C,LEGS 06,LEGS 02B,LEGS 27A,LEGS 23B,LEGS 38A
1,00,"Donald J. Trump",REP,President - Vice Pres,,,,2964,1958,8771,17778,32193,1060,21889,16961,397,8883,9915,14954,355,30206,7684,11047,6969,5754,7423,5494,8697,4063,12024,5394,11745,6061,2854,21220,23989,7605,2913,8228,1921,14453,2371,1200,6577,24163,9063,4049,18308,7045,33655,9664,3446,7990,7034,6418,8467,8697,11438,10519,9712,2568,3322,22601,1403,3135,11207,10061,16651,10681,20004,5020,3332,3651,7283
1,00,"Hillary Clinton",DEM,President - Vice Pres,,Y,,23638,24382,5153,7818,16085,15412,8665,17201,4509,12267,10325,24217,7774,12415,6698,24530,20639,5006,20583,5081,4278,14579,17541,23452,19985,4296,24338,8692,19054,26730,21438,21805,6850,18908,24856,24481,20338,10721,13247,6227,12667,20888,11979,3626,6881,4376,20732,6648,4744,3821,21463,21264,3159,23315,20732,6855,26982,6166,1981,2704,12232,3850,11720,4586,8944,15639,4991
1,00,"Gary Johnson",LIB,President - Vice Pres,,,,462,318,597,873,2451,198,1137,1343,58,1106,846,1020,87,1718,764,1677,948,663,1027,367,663,589,1467,841,1204,446,410,1297,2386,1123,511,918,234,1378,504,227,717,1449,1169,564,1761,885,2480,467,534,548,1360,429,773,518,1164,1160,414,489,482,1295,247,220,369,345,1504,406,897,453,216,439,326
1,00,"Jill Stein",GRN,President - Vice Pres,,,,512,361,173,285,640,275,358,605,86,322,371,450,153,540,236,670,517,140,535,175,208,362,598,547,489,150,534,353,649,506,544,499,157,571,734,341,525,425,413,178,401,471,636,132,224,144,470,143,184,193,525,499,166,564,426,345,358,92,101,175,481,163,432,194,136,284,95
1,00,"Paij Boring",REP,President - Vice Pres,,,Y,0,0,0,0,4,0,2,1,0,1,2,0,0,0,1,0,1,0,4,2,0,1,1,1,0,0,0,0,2,1,0,0,0,1,0,1,0,1,0,1,1,0,0,0,1,0,0,0,0,0,0,0,1,0,0,0,2,0,0,0,0,0,0,0,0,1,0
1,00,"Joann Breivogel",REP,President - Vice Pres,,,Y,0,0,0,0,0,0,0,0,0,1,0,0,0,1,0,7,0,1,0,0,0,0,0,0,0,0,0,0,2,0,0,0,0,0,0,0,0,0,0,1,2,0,0,0,0,0,0,0,0,0,0,0,0,0,0,0,0,0,0,0,0,0,0,0,0,0,0
1,00,"Jacqueline Gates",REP,President - Vice Pres,,,Y,0,0,0,0,2,0,0,0,0,0,2,1,0,2,0,0,0,0,1,0,0,0,0,1,0,0,0,0,1,0,0,0,1,0,0,1,0,2,0,1,2,0,0,1,0,0,0,0,0,0,0,0,1,0,0,0,1,0,0,0,2,3,1,0,1,2,0
1,00,"Stephen McCarthy",REP,President - Vice Pres,,,Y,1,0,0,0,2,0,0,2,0,1,1,0,0,2,0,8,2,0,2,0,2,1,5,3,2,0,0,1,2,1,0,1,1,1,2,0,1,3,2,0,3,0,0,0,0,0,0,1,1,0,0,1,1,1,0,1,0,0,0,0,1,1,0,0,3,0,0
1,00,"Janet L. Reid",REP,President - Vice Pres,,,Y,0,0,0,0,2,0,0,0,0,0,1,0,0,1,0,7,1,0,0,0,1,2,1,0,0,0,0,3,4,0,0,0,0,2,0,0,0,0,0,0,0,1,0,0,0,0,0,2,1,0,0,0,0,0,1,1,0,0,0,0,0,0,1,0,0,0,0
1,00,"Paul Adams",DEM,President - Vice Pres,,,Y,1,0,0,1,0,0,0,0,0,1,1,0,1,0,0,0,0,0,1,0,0,3,0,0,1,0,0,0,0,0,0,0,0,1,1,0,2,2,0,0,0,0,0,0,0,1,2,0,1,0,0,0,0,2,0,0,0,0,1,0,2,1,1,0,0,0,0
1,00,"Cathy Johnson Pendleton",DEM,President - Vice Pres,,,Y,0,2,1,0,0,0,1,0,0,0,0,0,0,0,1,0,0,0,2,0,0,0,0,0,0,0,0,0,0,0,0,0,0,1,0,0,0,0,0,0,0,1,0,0,0,0,0,0,0,0,0,0,0,0,0,0,0,0,0,0,1,0,0,0,1,0,0
1,00,"Doug Terry",DEM,President - Vice Pres,,,Y,0,0,0,0,0,0,0,0,0,0,0,0,0,0,1,0,0,0,0,0,0,0,0,0,0,0,0,0,0,0,0,0,0,0,0,0,0,0,0,0,0,0,0,0,0,0,0,0,0,0,0,0,0,0,0,0,0,0,0,0,0,0,0,0,0,0,0
1,00,"Mary E. Thomas",DEM,President - Vice Pres,,,Y,0,0,0,0,1,0,0,0,0,0,0,0,0,0,0,1,0,0,0,0,0,0,0,0,0,0,0,0,0,0,0,0,0,1,0,0,0,0,0,0,0,0,0,0,0,0,0,0,0,0,0,0,1,1,0,0,0,0,0,0,0,0,0,0,0,0,0
1,00,"William E. Bowhall, Jr.",OTH,President - Vice Pres,,,Y,0,0,0,0,0,0,0,0,0,0,0,0,0,0,0,0,0,0,1,0,0,0,0,0,0,0,0,0,1,0,0,0,0,0,0,1,0,0,0,0,0,0,0,0,0,1,0,0,0,0,0,0,0,0,0,0,0,0,0,0,0,0,0,0,0,0,0
1,00,"Theodis Brown, Sr",OTH,President - Vice Pres,,,Y,0,0,0,0,0,0,0,0,0,0,0,1,0,0,0,0,0,0,0,0,0,0,0,0,0,0,0,0,0,0,0,0,0,0,0,0,0,0,0,0,0,0,0,0,0,0,0,0,0,0,0,0,0,0,0,0,0,0,0,0,0,1,0,0,0,0,0
1,00,"Darrell L. Castle",OTH,President - Vice Pres,,,Y,1,2,7,5,28,5,14,9,0,4,10,17,0,8,11,5,6,5,7,4,6,6,12,4,2,1,4,8,26,2,3,5,5,11,0,0,7,9,4,1,9,5,16,12,2,0,4,1,12,2,9,7,2,4,1,18,1,0,2,9,4,2,2,4,2,6,6
1,00,"Roque Rocky De La Fuente",OTH,President - Vice Pres,,,Y,0,0,1,0,2,0,0,1,0,0,0,1,0,0,1,0,0,0,0,0,0,0,1,0,0,0,0,0,0,0,0,1,0,0,1,0,0,0,0,0,0,0,0,0,0,0,0,0,1,0,2,0,0,0,0,0,0,0,0,0,0,0,0,0,0,0,0
1,00,"Richard Baxter Edgell",OTH,President - Vice Pres,,,Y,0,0,0,0,0,0,0,0,0,0,0,0,0,0,0,0,0,0,0,0,0,0,0,0,0,0,0,0,0,0,0,0,0,0,0,0,0,0,0,0,0,0,0,0,0,0,0,0,0,0,0,0,0,0,0,0,0,0,0,0,0,1,0,0,0,0,0
1,00,"James Hedges",OTH,President - Vice Pres,,,Y,0,0,0,0,1,0,1,0,0,0,0,1,0,0,0,0,0,1,0,0,0,0,0,0,0,0,0,0,0,0,0,0,0,0,0,0,0,0,0,0,0,0,0,0,0,0,0,0,0,0,0,0,0,0,0,0,0,0,0,0,0,0,0,1,0,0,0
1,00,"Tom Hoefling",OTH,President - Vice Pres,,,Y,0,0,0,1,0,0,2,0,0,0,1,1,0,0,0,1,0,0,5,0,0,0,2,0,0,0,1,2,4,0,0,0,1,0,0,0,0,0,0,0,0,0,0,0,0,2,0,0,0,0,0,0,0,0,0,0,0,2,1,0,0,0,1,0,0,0,0
1,00,"Lynn Kahn",OTH,President - Vice Pres,,,Y,0,0,0,0,0,1,0,0,0,0,0,0,0,0,1,0,1,0,0,0,0,1,0,2,1,0,0,0,0,0,0,0,0,0,0,0,1,0,0,0,0,0,1,0,0,0,0,0,0,0,0,0,0,0,1,0,0,0,0,0,1,0,0,0,0,0,0
1,00,"Mohammed Keita",OTH,President - Vice Pres,,,Y,0,0,0,0,1,0,0,0,0,0,0,0,0,0,0,0,0,0,0,0,0,0,0,0,0,0,0,0,0,0,0,0,0,0,0,0,0,0,0,0,0,0,0,0,0,0,0,0,0,0,0,0,0,0,0,0,0,0,0,0,0,0,0,0,0,0,0
1,00,"Gloria La Riva ",OTH,President - Vice Pres,,,Y,1,0,0,0,0,0,0,1,0,1,0,0,0,0,0,0,1,0,0,0,0,0,4,0,0,2,1,1,4,1,2,1,0,1,4,0,0,0,0,0,0,0,1,0,0,0,2,0,0,0,0,0,0,0,0,0,0,0,0,1,0,0,1,0,0,1,0
1,00,"Ken Lash",OTH,President - Vice Pres,,,Y,0,0,0,0,0,0,0,0,0,0,0,0,0,0,0,0,0,0,0,0,0,0,0,0,0,0,0,0,0,0,0,0,0,0,0,0,0,0,0,0,0,0,0,0,0,0,0,0,0,0,0,0,0,0,0,0,0,0,0,0,0,0,0,0,0,0,0
1,00,"David Librace",OTH,President - Vice Pres,,,Y,0,0,0,0,0,0,0,0,0,0,0,0,0,0,0,0,0,0,0,0,0,0,0,0,0,0,0,0,0,0,0,0,0,0,0,0,0,0,0,0,0,0,0,0,0,0,0,0,0,0,0,0,0,0,0,0,0,0,0,0,0,0,0,0,0,0,0
1,00,"Star Locke",OTH,President - Vice Pres,,,Y,0,0,0,0,0,0,0,0,0,1,0,0,0,0,0,0,0,0,0,0,1,0,0,0,0,0,0,1,0,0,0,0,0,1,0,0,0,0,0,0,0,1,0,0,0,0,0,0,0,0,0,0,0,1,1,0,0,0,0,0,0,0,1,0,0,0,0
1,00,"Michael A. Maturen",OTH,President - Vice Pres,,,Y,1,0,0,1,14,10,11,5,1,6,2,0,0,4,1,20,9,5,14,2,2,10,11,17,6,0,28,3,8,9,6,9,6,9,3,2,4,3,2,0,7,7,7,5,4,0,0,4,4,1,14,4,0,1,4,2,1,1,1,1,3,0,0,6,0,6,0
1,00,"Evan McMullin",OTH,President - Vice Pres,,,Y,31,21,51,77,286,48,116,93,6,132,69,109,6,148,98,242,126,66,168,24,65,83,164,152,128,46,110,122,376,171,84,157,39,179,48,15,71,112,149,68,191,194,227,45,69,68,105,40,66,43,160,179,21,36,56,113,27,20,38,30,158,23,32,33,25,96,36
1,00,"Kevin  M. Moreau",OTH,President - Vice Pres,,,Y,0,0,0,0,0,0,0,0,0,0,0,0,0,0,0,0,0,0,0,0,0,0,0,0,0,0,0,0,0,0,0,0,0,0,0,0,0,0,0,0,0,0,0,0,0,0,0,0,0,0,0,0,0,0,0,0,0,0,0,0,0,0,0,0,0,0,0
1,00,"Michael S Olkowski",OTH,President - Vice Pres,,,Y,0,0,0,0,0,0,0,0,0,0,0,0,0,0,0,0,0,0,0,0,0,0,0,0,0,0,0,0,0,0,0,0,0,0,0,0,0,0,0,0,0,0,0,0,0,0,0,0,0,0,0,0,0,0,0,0,0,0,0,0,0,0,0,0,0,0,0
1,00,"Marshall Schoenke",OTH,President - Vice Pres,,,Y,0,0,0,0,0,0,1,0,0,0,0,0,0,0,0,0,0,0,0,0,0,0,0,0,0,0,0,0,0,0,0,0,0,0,0,0,0,0,0,0,0,0,1,0,0,0,0,0,0,0,0,0,0,0,0,0,0,0,0,0,0,0,0,0,0,1,0
1,00,"Joe Schriner",OTH,President - Vice Pres,,,Y,0,0,0,1,0,0,0,0,0,0,0,0,0,0,0,0,0,0,0,0,0,0,0,2,0,0,0,0,0,0,0,1,0,0,0,0,0,0,0,0,1,0,0,0,0,0,0,0,0,0,1,0,0,0,0,0,1,0,0,0,0,0,0,0,0,0,0
1,00,"Coop Smith",OTH,President - Vice Pres,,,Y,0,0,0,0,0,0,0,0,0,0,0,0,0,0,0,0,2,0,0,0,0,0,0,0,0,0,0,0,0,0,0,0,0,0,0,0,0,0,0,0,0,0,0,0,0,1,0,0,0,0,0,0,0,0,0,1,0,0,0,0,0,0,0,0,0,0,0
1,00,"Michael L. Mike Smith",OTH,President - Vice Pres,,,Y,0,0,0,0,0,0,0,0,0,0,0,0,0,0,0,1,0,0,1,0,0,0,0,0,2,0,0,0,0,0,0,0,0,0,0,0,0,0,0,0,0,0,1,0,0,0,0,0,0,1,0,0,0,0,0,0,0,3,0,0,0,0,0,0,0,0,0
1,00,"Sistah Soldjah",OTH,President - Vice Pres,,,Y,0,1,0,0,0,0,0,0,0,0,0,0,0,0,0,1,0,0,0,0,0,0,0,0,0,0,0,0,0,0,0,0,0,1,0,0,0,0,0,0,0,0,0,0,0,0,0,0,0,0,0,0,0,1,0,0,0,0,0,0,0,0,0,0,0,0,0
1,00,"Emidio Soltysik",OTH,President - Vice Pres,,,Y,0,0,0,0,0,0,0,0,0,0,0,0,0,0,0,0,1,0,0,0,0,0,0,0,0,0,0,0,1,0,0,0,0,0,0,1,0,0,0,0,0,0,0,0,0,0,0,0,0,0,0,0,0,0,1,0,0,0,0,0,0,0,0,0,0,0,0
1,00,"J. J. Vogel-Walcutt",OTH,President - Vice Pres,,,Y,0,0,0,0,0,0,0,0,0,0,0,0,0,0,1,0,0,0,0,0,0,0,0,0,0,0,0,0,0,0,0,0,0,1,0,0,0,0,0,0,0,0,0,0,0,0,0,0,0,0,0,0,0,0,0,0,0,0,0,0,0,0,0,0,0,0,0
1,00,"Jerry White",OTH,President - Vice Pres,,,Y,0,0,0,0,1,0,0,0,0,0,0,0,0,0,0,0,0,0,0,0,0,0,0,0,1,0,0,0,0,0,0,0,0,0,0,0,0,0,0,0,0,0,0,0,0,0,0,0,0,0,0,0,0,1,0,0,0,0,0,0,0,0,0,1,0,0,0
1,00,"Mitchell Williams",OTH,President - Vice Pres,,,Y,0,0,0,0,0,0,0,0,0,0,0,0,0,0,0,0,0,0,0,0,0,0,0,0,0,0,0,0,0,0,0,0,0,0,1,0,0,0,0,0,0,0,0,0,0,0,0,0,0,0,0,0,0,0,0,0,0,0,0,0,0,0,0,0,0,0,0
1,00,"Demetra Jefferson Wysinger",OTH,President - Vice Pres,,,Y,0,0,0,0,0,0,0,0,0,0,0,0,0,0,1,0,0,0,0,0,0,0,0,0,0,0,0,0,0,0,0,0,0,0,0,0,0,0,0,0,0,0,0,0,0,0,0,0,0,0,0,0,0,0,0,0,0,0,0,0,0,0,0,0,0,0,0
1,00,"Shelia Bolar",UNF,President - Vice Pres,,,Y,0,0,0,0,0,0,0,0,0,0,1,0,0,1,0,0,0,0,0,0,0,0,0,0,0,0,0,0,0,0,0,0,0,0,0,0,0,0,0,0,0,0,1,0,0,0,0,0,1,0,0,0,0,0,0,0,0,0,0,0,0,0,0,0,0,0,0
1,00,"Michael David Boyles",UNF,President - Vice Pres,,,Y,0,1,0,0,0,0,0,0,0,0,0,0,0,0,0,0,0,0,0,0,0,0,0,0,0,0,0,0,0,0,0,0,0,0,1,1,0,0,0,0,0,0,0,0,0,0,0,0,0,0,0,0,0,0,0,0,0,0,0,0,0,0,0,0,1,0,0
1,00,"Dana E. Brown",UNF,President - Vice Pres,,,Y,1,0,0,0,1,0,0,0,0,0,1,0,0,1,1,1,0,0,0,0,0,0,0,0,1,0,0,0,1,0,0,0,0,0,0,0,0,0,0,0,0,0,0,0,0,0,0,0,0,0,0,0,0,0,0,0,0,0,0,0,0,0,0,0,0,0,0
1,00,"Robert Buchanan",UNF,President - Vice Pres,,,Y,1,0,0,0,3,0,0,0,0,1,0,0,0,0,0,0,0,0,0,0,0,0,0,0,0,0,0,1,0,0,0,0,0,1,0,0,2,1,0,0,0,0,1,0,0,3,0,0,0,1,0,0,0,0,0,1,0,0,0,0,1,0,0,0,0,0,2
1,00,"Martin Carlisle",UNF,President - Vice Pres,,,Y,0,0,0,0,3,0,0,0,0,0,1,1,0,1,0,5,0,0,1,0,2,0,1,0,1,0,0,1,0,0,0,0,0,0,0,2,1,0,2,0,0,0,3,0,1,0,0,0,0,0,0,0,1,0,1,1,1,0,0,0,0,0,0,0,0,0,0
1,00,"Richard Duncan",UNF,President - Vice Pres,,,Y,0,0,0,0,2,0,0,0,0,0,0,0,0,0,0,0,1,0,0,0,1,0,0,0,0,0,0,1,0,1,0,0,0,0,1,0,0,0,0,0,0,0,1,0,0,0,0,0,0,0,1,0,1,0,0,1,0,0,0,0,0,0,0,0,0,0,0
1,00,"Ameer Flippin",UNF,President - Vice Pres,,,Y,0,0,0,0,0,0,0,0,0,1,0,0,0,0,0,0,0,0,0,0,0,0,2,0,0,0,0,0,0,0,0,0,0,0,0,0,0,0,0,0,0,0,0,0,0,0,0,0,0,0,0,0,0,0,0,0,0,0,0,0,0,0,0,0,0,0,0
1,00,"Cherunda Fox",UNF,President - Vice Pres,,,Y,0,0,0,0,0,0,0,0,0,0,0,0,0,0,0,1,0,0,0,0,1,0,0,0,0,0,0,0,0,0,0,0,0,0,1,0,1,0,0,0,0,0,0,0,0,0,0,0,0,0,0,0,0,0,0,1,0,0,0,0,0,0,1,0,0,0,0
1,00,"Ben Hartnell",UNF,President - Vice Pres,,,Y,0,0,0,1,2,0,0,0,0,1,0,0,0,0,0,0,0,0,0,0,1,0,0,0,0,0,1,0,2,0,0,1,0,0,0,0,1,1,1,0,0,0,0,0,1,0,0,0,0,0,0,0,0,0,0,0,0,0,0,0,0,0,0,2,1,0,0
1,00,"Gerald Jennings, II",UNF,President - Vice Pres,,,Y,0,0,1,0,0,0,0,0,0,0,0,0,0,0,0,0,0,0,0,0,0,0,0,0,0,0,0,0,0,0,0,0,0,0,0,0,0,0,0,0,0,0,0,0,0,0,0,0,0,0,0,0,0,0,0,0,0,0,0,0,0,0,1,0,0,0,0
1,00,"Laurence Kotlikoff",UNF,President - Vice Pres,,,Y,1,0,0,1,2,0,1,0,0,3,1,0,0,0,1,3,0,0,4,0,0,0,2,1,2,0,0,0,6,0,0,0,0,0,1,0,0,1,1,0,3,1,1,1,0,0,1,0,0,0,1,1,1,0,0,0,0,0,0,0,2,0,0,0,0,0,0
1,00,"Joseph A. Maldanado",UNF,President - Vice Pres,,,Y,1,0,0,0,0,0,0,0,0,0,0,0,0,0,0,1,0,0,1,0,0,1,0,0,0,0,0,0,0,0,0,0,0,0,0,1,0,0,0,0,0,0,0,0,0,0,0,0,0,0,0,0,0,0,0,0,0,0,0,0,0,1,0,0,1,0,0
1,00,"Michael B. Puskar",UNF,President - Vice Pres,,,Y,0,0,0,0,0,0,0,0,0,0,0,0,0,0,1,1,0,0,0,0,0,0,0,0,0,0,0,0,0,0,0,0,0,0,0,0,0,0,0,0,0,0,2,0,0,0,0,0,0,0,0,0,0,0,0,0,0,0,0,0,0,0,0,0,0,0,0
1,00,"Maurice Symonette",UNF,President - Vice Pres,,,Y,0,0,0,0,0,0,0,0,0,0,0,0,0,0,0,0,0,0,0,0,0,0,0,0,0,0,0,0,0,0,0,0,0,0,0,0,0,0,0,0,0,0,0,0,0,0,0,0,0,0,0,0,0,0,0,0,1,0,0,0,0,0,0,0,0,0,0
1,00,"Kora Roberta Katz Vakil",UNF,President - Vice Pres,,,Y,0,0,0,0,0,0,0,0,0,0,0,0,0,0,0,0,0,0,0,0,0,0,0,0,0,0,0,0,0,0,0,0,0,1,0,0,0,0,0,0,0,0,0,0,0,0,0,0,0,0,0,0,0,0,0,0,0,0,0,0,0,0,0,0,0,0,0
1,00,"Anthony Tony J. Valdivia",UNF,President - Vice Pres,,,Y,0,1,0,0,0,0,0,0,0,0,0,0,0,0,1,0,0,0,0,0,0,0,0,0,0,0,0,0,0,0,0,0,0,0,0,0,0,0,0,0,0,0,0,0,1,1,1,0,0,0,0,0,0,0,0,0,0,0,1,0,0,0,2,0,0,0,0
1,00,"Other Write-Ins",BOT,President - Vice Pres,,,Y,235,232,157,276,664,161,343,378,29,486,216,381,66,472,227,724,511,150,401,108,237,255,546,751,617,125,305,317,906,1067,379,601,130,459,329,227,340,357,375,228,582,419,635,128,198,194,384,133,190,94,717,687,88,247,323,331,239,67,82,94,503,129,258,125,123,285,108
1,00,"Kathy Szeliga",REP,U.S. Senator           ,,,,3268,1941,8257,17530,32227,1226,20121,17394,400,10397,9989,14859,515,31164,7890,13196,7584,5838,8108,5113,9234,4663,13267,6285,13531,6090,3053,20963,26838,9582,3321,8846,2018,14648,3048,1247,7141,23735,9560,4914,20537,7638,34761,8998,4317,7999,8522,6201,8610,8240,12421,11585,8274,3021,3398,22879,1448,3088,10176,8653,18775,10315,17948,4285,3183,3833,7099
1,00,"Chris Van Hollen",DEM,U.S. Senator           ,,Y,,22668,23890,5482,8458,17129,14848,10007,17364,4357,11709,10636,24231,7375,12654,6844,23468,20605,4984,19996,5465,4255,14158,17226,23510,19268,4446,23528,9473,18378,26635,21109,21910,6798,19289,23361,23856,19997,11528,12995,5732,11882,20578,12705,4097,6412,4611,19668,6848,4770,4174,21398,21081,4083,22102,20534,7340,26202,6017,2438,3580,11460,4127,13487,4948,8870,15472,5121
1,00,"Margaret Flowers",GRN,U.S. Senator           ,,,,1309,876,608,690,1725,684,1191,1254,214,774,860,1331,339,1195,619,1591,1004,591,1311,452,496,834,1284,967,1012,413,1301,953,1448,781,1030,934,342,1358,1943,871,1040,1114,1221,407,928,1126,1347,484,497,433,1273,468,689,522,1084,1013,550,1478,995,889,965,331,439,508,1043,482,1097,601,419,707,299
1,00,"Jeffrey Binkins",DEM,U.S. Senator           ,,,Y,0,0,0,0,3,0,1,0,0,0,0,0,0,0,0,0,0,0,1,0,0,0,0,0,0,0,0,0,0,0,0,0,0,0,0,0,0,0,1,0,0,0,0,0,0,0,0,0,0,0,0,0,0,0,0,0,0,0,0,1,0,0,0,0,0,0,0
1,00,"Bob Robinson",DEM,U.S. Senator           ,,,Y,1,0,0,0,0,0,0,0,0,0,0,0,0,0,0,0,0,0,0,0,1,0,1,0,0,0,0,0,0,0,0,0,0,0,0,0,0,1,0,0,0,0,0,0,0,0,0,0,0,0,1,0,0,1,0,0,0,0,1,0,0,0,0,0,0,2,0
1,00,"Charles U. Smith",DEM,U.S. Senator           ,,,Y,6,0,0,0,2,0,0,0,0,0,1,0,0,0,2,1,0,0,0,0,0,0,0,0,0,0,1,0,0,0,0,0,0,0,1,0,0,0,0,0,0,0,0,0,0,0,1,0,0,0,0,0,0,1,2,0,0,0,0,0,0,0,0,0,0,0,0
1,00,"Lih Young",DEM,U.S. Senator           ,,,Y,1,0,2,0,2,0,1,0,0,1,1,2,1,0,0,1,1,0,1,0,0,0,2,0,0,0,3,2,0,2,0,0,0,0,2,0,1,0,2,0,0,2,0,0,0,0,4,0,0,1,1,1,1,3,3,3,0,0,1,0,0,0,0,0,0,0,0
1,00,"Greg Dorsey",UNF,U.S. Senator           ,,,Y,1,0,1,2,6,0,5,5,0,0,1,6,0,3,2,3,2,0,8,2,1,6,5,5,2,0,3,2,7,2,3,4,0,3,3,0,3,8,5,0,0,4,10,3,0,0,4,2,1,3,3,3,2,4,1,3,4,0,2,1,3,1,1,1,2,2,0
1,00,"Ed Tinus",UNF,U.S. Senator           ,,,Y,6,3,1,1,4,0,3,0,0,0,2,4,1,5,1,5,0,1,0,1,3,0,3,1,3,1,0,0,1,0,1,0,0,1,2,1,0,2,1,1,4,0,1,0,1,0,4,0,3,0,0,2,1,1,0,3,0,0,2,0,1,10,0,0,0,2,2
1,00,"Other Write-Ins",BOT,U.S. Senator           ,,,Y,61,54,33,20,47,31,27,39,15,21,24,49,21,36,12,55,35,21,52,10,12,28,47,48,26,11,44,27,44,34,38,31,20,52,64,42,42,24,38,18,31,47,31,13,10,8,37,14,15,18,46,28,14,42,50,21,64,16,11,14,35,14,43,19,20,23,15
1,00,"Andy Harris",REP,Rep in Congress,01,Y,,,,,19278,,,,4333,,,332,,,19739,,,,,,,8369,,,,,6695,,,,,,,,,,,,25405,,,,,19404,,,,,,,8746,,,,,,23578,,3687,,,4068,11001,,,,,7819
1,00,"Joe Werner",DEM,Rep in Congress,01,,,,,,6500,,,,1728,,,199,,,5116,,,,,,,2922,,,,,3744,,,,,,,,,,,,9076,,,,,4370,,,,,,,3403,,,,,,5705,,5391,,,1490,3299,,,,,4410
1,00,"Matt Beers",LIB,Rep in Congress,01,,,,,,946,,,,314,,,38,,,1246,,,,,,,649,,,,,536,,,,,,,,,,,,1797,,,,,1378,,,,,,,769,,,,,,1567,,361,,,309,652,,,,,361
1,00,"Other Write-Ins",BOT,Rep in Congress,01,,Y,,,,38,,,,13,,,0,,,39,,,,,,,15,,,,,24,,,,,,,,,,,,53,,,,,32,,,,,,,18,,,,,,34,,17,,,4,21,,,,,11
1,00,"Pat McDonough",REP,Rep in Congress,02,,,949,,,,,,,5446,,,8671,,,7797,,3073,,,,2203,1048,,1477,,3581,,,,,,,,,4778,,,3877,,,,,,,,2849,,1288,,,,,,,,,,,,,,7265,,16414,,,,
1,00,"C. A. Dutch Ruppersberger",DEM,Rep in Congress,02,Y,,8237,,,,,,,9813,,,10873,,,5558,,5910,,,,3186,756,,1693,,7903,,,,,,,,,8837,,,13900,,,,,,,,5366,,5240,,,,,,,,,,,,,,7482,,14463,,,,
1,00,"Kristin S. Kasprzak",LIB,Rep in Congress,02,,,366,,,,,,,823,,,1249,,,633,,658,,,,332,139,,210,,538,,,,,,,,,833,,,841,,,,,,,,445,,358,,,,,,,,,,,,,,749,,1698,,,,
1,00,"Other Write-Ins",BOT,Rep in Congress,02,,Y,67,,,,,,,28,,,33,,,18,,25,,,,5,6,,7,,21,,,,,,,,,25,,,48,,,,,,,,14,,32,,,,,,,,,,,,,,18,,43,,,,
1,00,"Mark Plaster",REP,Rep in Congress,03,,,1198,,,,,,,6309,,7156,,,,,,9134,,,2187,2485,,,4025,,6119,,,8122,4103,,784,528,,8063,1372,,,,,,523,,,,1060,,6474,,,,7344,,,1537,2592,,,,,,503,,,,,,
1,00,"John Sarbanes",DEM,Rep in Congress,03,Y,,3932,,,,,,,6487,,9433,,,,,,15784,,,2604,2587,,,4088,,10586,,,4208,3321,,3991,817,,9701,5483,,,,,,452,,,,1382,,11761,,,,14154,,,4008,6873,,,,,,410,,,,,,
1,00,"Nnabu Eze",GRN,Rep in Congress,03,,,271,,,,,,,390,,399,,,,,,802,,,137,145,,,272,,377,,,289,180,,181,30,,545,291,,,,,,18,,,,63,,639,,,,542,,,364,302,,,,,,14,,,,,,
1,00,"Ann Dalrymple",DEM,Rep in Congress,03,,Y,2,,,,,,,2,,4,,,,,,6,,,0,2,,,1,,1,,,2,0,,0,0,,1,1,,,,,,0,,,,0,,10,,,,1,,,2,3,,,,,,0,,,,,,
1,00,"Other Write-Ins",BOT,Rep in Congress,03,,Y,15,,,,,,,15,,22,,,,,,39,,,9,6,,,21,,22,,,14,7,,11,2,,23,15,,,,,,0,,,,5,,17,,,,38,,,10,16,,,,,,0,,,,,,
1,00,"George E. McDermott",REP,Rep in Congress,04,,,,988,,,,1175,,,419,2545,,,,,,,,,4085,,,,,,,,575,12165,19708,,,,458,1080,,830,,,,,,,,,,655,,,,,,,,,,,963,,,,,,,,,264,
1,00,"Anthony G. Brown",DEM,Rep in Congress,04,Y,,,15524,,,,14596,,,4271,1598,,,,,,,,,10699,,,,,,,,7410,4796,11366,,,,1947,998,,20042,,,,,,,,,,287,,,,,,,,,,,24441,,,,,,,,,3841,
1,00,"Benjamin Lee Krause",LIB,Rep in Congress,04,,,,197,,,,261,,,102,159,,,,,,,,,408,,,,,,,,136,730,1270,,,,64,91,,224,,,,,,,,,,39,,,,,,,,,,,274,,,,,,,,,38,
1,00,"Kamesha T. Clark",GRN,Rep in Congress,04,,,,501,,,,667,,,164,109,,,,,,,,,472,,,,,,,,302,408,736,,,,102,70,,617,,,,,,,,,,25,,,,,,,,,,,801,,,,,,,,,107,
1,00,"Adrian Petrus",DEM,Rep in Congress,04,,Y,,0,,,,1,,,1,0,,,,,,,,,1,,,,,,,,1,0,3,,,,0,0,,3,,,,,,,,,,0,,,,,,,,,,,0,,,,,,,,,1,
1,00,"Other Write-Ins",BOT,Rep in Congress,04,,Y,,24,,,,35,,,5,6,,,,,,,,,27,,,,,,,,16,31,54,,,,3,5,,27,,,,,,,,,,1,,,,,,,,,,,49,,,,,,,,,9,
1,00,"Mark Arness",REP,Rep in Congress,05,,,,911,7846,,,,,,,726,,13184,,,,,,5004,1791,,,,,,,,2233,,2755,,,,1465,,,338,,,,,,,,7954,,6986,,5876,7560,,,,,,,,354,,,,,,,,2927,3281,
1,00,"Steny H. Hoyer",DEM,Rep in Congress,05,Y,,,8342,6202,,,,,,,480,,26050,,,,,,6017,6322,,,,,,,,16549,,2368,,,,4915,,,3905,,,,,,,,5443,,4542,,7306,6060,,,,,,,,1795,,,,,,,,9263,11968,
1,00,"Jason Summers",LIB,Rep in Congress,05,,,,287,538,,,,,,,62,,1347,,,,,,575,492,,,,,,,,675,,215,,,,213,,,122,,,,,,,,438,,489,,427,630,,,,,,,,68,,,,,,,,353,567,
1,00,"Other Write-Ins",BOT,Rep in Congress,05,,Y,,34,18,,,,,,,1,,60,,,,,,16,30,,,,,,,,50,,14,,,,18,,,10,,,,,,,,12,,16,,18,14,,,,,,,,6,,,,,,,,20,31,
1,00,"Amie Hoeber",REP,Rep in Congress,06,,,,,,,3793,,19407,,,,,,,,5137,,3756,,,,,,,,,,,,,1033,,4188,,,,,,,7424,,,7786,,,,,,,,,1767,11496,8559,,,,,,10285,8540,,,,4096,,,
1,00,"John K. Delaney",DEM,Rep in Congress,06,Y,,,,,,3215,,11252,,,,,,,,4909,,10027,,,,,,,,,,,,,1428,,7859,,,,,,,11774,,,20219,,,,,,,,,1371,19006,4227,,,,,,2735,3975,,,,5456,,,
1,00,"David L. Howser",LIB,Rep in Congress,06,,,,,,,218,,729,,,,,,,,324,,300,,,,,,,,,,,,,36,,293,,,,,,,697,,,687,,,,,,,,,65,600,265,,,,,,217,287,,,,313,,,
1,00,"George Gluck",GRN,Rep in Congress,06,,,,,,,128,,434,,,,,,,,167,,310,,,,,,,,,,,,,40,,279,,,,,,,490,,,627,,,,,,,,,50,568,199,,,,,,152,176,,,,203,,,
1,00,"Ted Athey",UNF,Rep in Congress,06,,Y,,,,,2,,14,,,,,,,,2,,1,,,,,,,,,,,,,1,,0,,,,,,,9,,,3,,,,,,,,,0,4,8,,,,,,7,16,,,,4,,,
1,00,"Other Write-Ins",BOT,Rep in Congress,06,,Y,,,,,5,,13,,,,,,,,12,,15,,,,,,,,,,,,,4,,18,,,,,,,33,,,33,,,,,,,,,1,26,3,,,,,,7,12,,,,9,,,
1,00,"Corrogan R. Vaughn",REP,Rep in Congress,07,,,639,,,,,,,,,,,,354,3056,,773,,,,,,4125,6844,,2618,,,,,,,,,,1197,,2440,,,4668,11923,,,,,,312,,,,,,,944,570,,,,,,5436,,,,,,
1,00,"Elijah Cummings",DEM,Rep in Congress,07,Y,,10948,,,,,,,,,,,,7668,1350,,1768,,,,,,14935,12308,,1727,,,,,,,,,,18818,,6624,,,5996,8232,,,,,,2898,,,,,,,19049,14172,,,,,,3000,,,,,,
1,00,"Myles B. Hoenig",GRN,Rep in Congress,07,,,416,,,,,,,,,,,,242,142,,99,,,,,,649,726,,117,,,,,,,,,,1104,,283,,,364,621,,,,,,107,,,,,,,691,419,,,,,,276,,,,,,
1,00,"William T. Newton",REP,Rep in Congress,07,,Y,5,,,,,,,,,,,,1,6,,0,,,,,,9,9,,2,,,,,,,,,,0,,52,,,7,32,,,,,,0,,,,,,,2,1,,,,,,2,,,,,,
1,00,"Michael T. Pearson",REP,Rep in Congress,07,,Y,3,,,,,,,,,,,,0,0,,0,,,,,,3,0,,0,,,,,,,,,,0,,2,,,0,3,,,,,,1,,,,,,,0,0,,,,,,0,,,,,,
1,00,"Other Write-Ins",BOT,Rep in Congress,07,,Y,19,,,,,,,,,,,,29,9,,4,,,,,,40,32,,12,,,,,,,,,,42,,8,,,18,32,,,,,,8,,,,,,,54,48,,,,,,14,,,,,,
1,00,"Dan Cox",REP,Rep in Congress,08,,,,,,,29401,,,,,,,,,,2767,,4297,,,,,,,7042,,,,,,9594,2682,4658,,,,,,,1947,,7222,,15240,,,,,,,,4021,755,,,,,,,,,,,,,,,
1,00,"Jamie Raskin",DEM,Rep in Congress,08,Y,,,,,,11322,,,,,,,,,,1679,,9409,,,,,,,21536,,,,,,23049,16399,11770,,,,,,,1267,,3129,,5754,,,,,,,,4881,1132,,,,,,,,,,,,,,,
1,00,"Jasen Wunder",LIB,Rep in Congress,08,,,,,,,1221,,,,,,,,,,149,,331,,,,,,,605,,,,,,584,355,316,,,,,,,100,,392,,870,,,,,,,,204,37,,,,,,,,,,,,,,,
1,00,"Nancy Wallace",GRN,Rep in Congress,08,,,,,,,1284,,,,,,,,,,164,,583,,,,,,,1198,,,,,,829,866,599,,,,,,,93,,320,,802,,,,,,,,348,60,,,,,,,,,,,,,,,
1,00,"Kevin Levester Little",IND,Rep in Congress,08,,Y,,,,,1,,,,,,,,,,0,,1,,,,,,,1,,,,,,2,0,0,,,,,,,0,,0,,0,,,,,,,,0,0,,,,,,,,,,,,,,,
1,00,"Other Write-Ins",BOT,Rep in Congress,08,,Y,,,,,41,,,,,,,,,,6,,24,,,,,,,55,,,,,,52,28,26,,,,,,,2,,9,,19,,,,,,,,20,3,,,,,,,,,,,,,,,
1,03,"Alan Walden",REP,Mayor                  ,,,,2393,,,,,,,,,,,,306,,,,,,,,,,,,,,,,,,,,,,2280,,,,,,,,,,,,7514,,,,,,,2178,2437,,,,,,,,,,,,
1,03,"Catherine E. Pugh",DEM,Mayor                  ,,Y,,14902,,,,,,,,,,,,4541,,,,,,,,,,,,,,,,,,,,,,15877,,,,,,,,,,,,15707,,,,,,,15013,14773,,,,,,,,,,,,
1,03,"Joshua Harris",GRN,Mayor                  ,,,,2566,,,,,,,,,,,,536,,,,,,,,,,,,,,,,,,,,,,4468,,,,,,,,,,,,3083,,,,,,,3090,1994,,,,,,,,,,,,
1,03,"Steven H. Smith",REP,Mayor                  ,,,Y,1,,,,,,,,,,,,2,,,,,,,,,,,,,,,,,,,,,,0,,,,,,,,,,,,1,,,,,,,1,1,,,,,,,,,,,,
1,03,"Mack Clifton",DEM,Mayor                  ,,,Y,6,,,,,,,,,,,,1,,,,,,,,,,,,,,,,,,,,,,0,,,,,,,,,,,,1,,,,,,,1,1,,,,,,,,,,,,
1,03,"Sheila Dixon",DEM,Mayor                  ,,,Y,7460,,,,,,,,,,,,2940,,,,,,,,,,,,,,,,,,,,,,5707,,,,,,,,,,,,3044,,,,,,,6481,5807,,,,,,,,,,,,
1,03,"Frank Francisco Logan",IND,Mayor                  ,,,Y,4,,,,,,,,,,,,1,,,,,,,,,,,,,,,,,,,,,,1,,,,,,,,,,,,8,,,,,,,3,2,,,,,,,,,,,,
1,03,"Sarah Klauda",UNF,Mayor                  ,,,Y,4,,,,,,,,,,,,0,,,,,,,,,,,,,,,,,,,,,,4,,,,,,,,,,,,3,,,,,,,2,2,,,,,,,,,,,,
1,03,"LaVern AW. Murray",UNF,Mayor                  ,,,Y,3,,,,,,,,,,,,4,,,,,,,,,,,,,,,,,,,,,,5,,,,,,,,,,,,8,,,,,,,1,8,,,,,,,,,,,,
1,03,"Other Write-Ins",BOT,Mayor                  ,,,Y,94,,,,,,,,,,,,38,,,,,,,,,,,,,,,,,,,,,,124,,,,,,,,,,,,105,,,,,,,88,92,,,,,,,,,,,,
1,03,"Shannon Wright",REP,President City Council,,,,2979,,,,,,,,,,,,467,,,,,,,,,,,,,,,,,,,,,,2808,,,,,,,,,,,,8106,,,,,,,2668,3031,,,,,,,,,,,,
1,03,"Bernard C. Jack Young",DEM,President City Council,,Y,,21064,,,,,,,,,,,,6863,,,,,,,,,,,,,,,,,,,,,,20718,,,,,,,,,,,,16560,,,,,,,20069,18761,,,,,,,,,,,,
1,03,"Susan Gaztanaga",LIB,President City Council,,,,680,,,,,,,,,,,,145,,,,,,,,,,,,,,,,,,,,,,790,,,,,,,,,,,,1493,,,,,,,772,577,,,,,,,,,,,,
1,03,"Connor Meek",GRN,President City Council,,,,1171,,,,,,,,,,,,244,,,,,,,,,,,,,,,,,,,,,,2092,,,,,,,,,,,,1391,,,,,,,1453,982,,,,,,,,,,,,
1,03,"Sharon Black",UNF,President City Council,,,,954,,,,,,,,,,,,373,,,,,,,,,,,,,,,,,,,,,,1194,,,,,,,,,,,,780,,,,,,,1020,820,,,,,,,,,,,,
1,03,"Other Write-Ins",BOT,President City Council,,,Y,132,,,,,,,,,,,,44,,,,,,,,,,,,,,,,,,,,,,144,,,,,,,,,,,,107,,,,,,,127,179,,,,,,,,,,,,
1,03,"Joan M. Pratt",DEM,Comptroller            ,,Y,,23147,,,,,,,,,,,,7464,,,,,,,,,,,,,,,,,,,,,,23419,,,,,,,,,,,,19938,,,,,,,22344,20830,,,,,,,,,,,,
1,03,"Jon Bombach",LIB,Comptroller            ,,,,3014,,,,,,,,,,,,543,,,,,,,,,,,,,,,,,,,,,,3556,,,,,,,,,,,,6951,,,,,,,3052,2447,,,,,,,,,,,,
1,03,"Other Write-Ins",BOT,Comptroller            ,,,Y,83,,,,,,,,,,,,18,,,,,,,,,,,,,,,,,,,,,,122,,,,,,,,,,,,128,,,,,,,85,98,,,,,,,,,,,,
1,03,"Matthew McDaniel",REP,Member City Council,001,,,,,,,,,,,,,,,,,,,,,,,,,,,,,,,,,,,,,,,,,,,,,,,,,4491,,,,,,,,,,,,,,,,,,,,
1,03,"Zeke Cohen",DEM,Member City Council,001,Y,,,,,,,,,,,,,,,,,,,,,,,,,,,,,,,,,,,,,,,,,,,,,,,,7460,,,,,,,,,,,,,,,,,,,,
1,03,"Other Write-Ins",BOT,Member City Council,001,,Y,,,,,,,,,,,,,,,,,,,,,,,,,,,,,,,,,,,,,,,,,,,,,,,38,,,,,,,,,,,,,,,,,,,,
1,03,"Gregory Yarberough",REP,Member City Council,002,,,1001,,,,,,,,,,,,,,,,,,,,,,,,,,,,,,,,,,,,,,,,,,,,,,72,,,,,,,,,,,,,,,,,,,,
1,03,"Brandon M. Scott",DEM,Member City Council,002,Y,,7345,,,,,,,,,,,,,,,,,,,,,,,,,,,,,,,,,,,,,,,,,,,,,,169,,,,,,,,,,,,,,,,,,,,
1,03,"Other Write-Ins",BOT,Member City Council,002,,Y,21,,,,,,,,,,,,,,,,,,,,,,,,,,,,,,,,,,,,,,,,,,,,,,2,,,,,,,,,,,,,,,,,,,,
1,03,"Ryan Dorsey",DEM,Member City Council,003,Y,,3965,,,,,,,,,,,,,,,,,,,,,,,,,,,,,,,,,,4671,,,,,,,,,,,,,,,,,,,,,,,,,,,,,,,,
1,03,"G. Andreas Spilly Spiliadis",GRN,Member City Council,003,,,946,,,,,,,,,,,,,,,,,,,,,,,,,,,,,,,,,,681,,,,,,,,,,,,,,,,,,,,,,,,,,,,,,,,
1,03,"Other Write-Ins",BOT,Member City Council,003,,Y,32,,,,,,,,,,,,,,,,,,,,,,,,,,,,,,,,,,27,,,,,,,,,,,,,,,,,,,,,,,,,,,,,,,,
1,03,"William Sam Broaddus, III",REP,Member City Council,004,,,,,,,,,,,,,,,,,,,,,,,,,,,,,,,,,,,,,1514,,,,,,,,,,,,,,,,,,,,,,,,,,,,,,,,
1,03,"Bill Henry",DEM,Member City Council,004,Y,,,,,,,,,,,,,,,,,,,,,,,,,,,,,,,,,,,,8415,,,,,,,,,,,,,,,,,,,,,,,,,,,,,,,,
1,03,"Other Write-Ins",BOT,Member City Council,004,,Y,,,,,,,,,,,,,,,,,,,,,,,,,,,,,,,,,,,55,,,,,,,,,,,,,,,,,,,,,,,,,,,,,,,,
1,03,"Isaac Yitzy Schleifer",DEM,Member City Council,005,Y,,,,,,,,,,,,,,,,,,,,,,,,,,,,,,,,,,,,,,,,,,,,,,,,,,,,,,,,8135,,,,,,,,,,,,
1,03,"Derrick Lennon",DEM,Member City Council,005,,Y,,,,,,,,,,,,,,,,,,,,,,,,,,,,,,,,,,,,,,,,,,,,,,,,,,,,,,,284,,,,,,,,,,,,
1,03,"Other Write-Ins",BOT,Member City Council,005,,Y,,,,,,,,,,,,,,,,,,,,,,,,,,,,,,,,,,,,,,,,,,,,,,,,,,,,,,,245,,,,,,,,,,,,
1,03,"Sharon Green Middleton",DEM,Member City Council,006,Y,,,,,,,,,,,,,,,,,,,,,,,,,,,,,,,,,,,,,,,,,,,,,,,,,,,,,,,2451,5607,,,,,,,,,,,,
1,03,"Richard Thomas White, Jr.",GRN,Member City Council,006,,,,,,,,,,,,,,,,,,,,,,,,,,,,,,,,,,,,,,,,,,,,,,,,,,,,,,,,156,684,,,,,,,,,,,,
1,03,"Anthony s White",DEM,Member City Council,006,,Y,,,,,,,,,,,,,,,,,,,,,,,,,,,,,,,,,,,,,,,,,,,,,,,,,,,,,,11,56,,,,,,,,,,,,
1,03,"Other Write-Ins",BOT,Member City Council,006,,Y,,,,,,,,,,,,,,,,,,,,,,,,,,,,,,,,,,,,,,,,,,,,,,,,,,,,,,8,32,,,,,,,,,,,,
1,03,"Tamara Purnell",REP,Member City Council,007,,,,,,,,,,,,,,,2,,,,,,,,,,,,,,,,,,,,,,,,,,,,,,,,,,,,,,,,,946,185,,,,,,,,,,,,
1,03,"Leon F. Pinkett, III",DEM,Member City Council,007,Y,,,,,,,,,,,,,,35,,,,,,,,,,,,,,,,,,,,,,,,,,,,,,,,,,,,,,,,,7376,1176,,,,,,,,,,,,
1,03,"Nnamdi Scott",OTH,Member City Council,007,,,,,,,,,,,,,,,0,,,,,,,,,,,,,,,,,,,,,,,,,,,,,,,,,,,,,,,,,704,132,,,,,,,,,,,,
1,03,"Other Write-Ins",BOT,Member City Council,007,,Y,,,,,,,,,,,,,0,,,,,,,,,,,,,,,,,,,,,,,,,,,,,,,,,,,,,,,,,29,2,,,,,,,,,,,,
1,03,"Joseph Brown, Jr.",REP,Member City Council,008,,,,,,,,,,,,,,,320,,,,,,,,,,,,,,,,,,,,,,,,,,,,,,,,,,,,,,,,,,539,,,,,,,,,,,,
1,03,"Kristerfer Burnett",DEM,Member City Council,008,Y,,,,,,,,,,,,,,2460,,,,,,,,,,,,,,,,,,,,,,,,,,,,,,,,,,,,,,,,,,5450,,,,,,,,,,,,
1,03,"Other Write-Ins",BOT,Member City Council,008,,Y,,,,,,,,,,,,,6,,,,,,,,,,,,,,,,,,,,,,,,,,,,,,,,,,,,,,,,,,14,,,,,,,,,,,,
1,03,"Kenneth Earl Ebron, Jr.",REP,Member City Council,009,,,,,,,,,,,,,,,123,,,,,,,,,,,,,,,,,,,,,,,,,,,,,,,,,,,,,,,,,378,,,,,,,,,,,,,
1,03,"John T. Bullock",DEM,Member City Council,009,Y,,,,,,,,,,,,,,3507,,,,,,,,,,,,,,,,,,,,,,,,,,,,,,,,,,,,,,,,,4210,,,,,,,,,,,,,
1,03,"Jamie Latear Frierson",GRN,Member City Council,009,,,,,,,,,,,,,,,103,,,,,,,,,,,,,,,,,,,,,,,,,,,,,,,,,,,,,,,,,181,,,,,,,,,,,,,
1,03,"Other Write-Ins",BOT,Member City Council,009,,Y,,,,,,,,,,,,,13,,,,,,,,,,,,,,,,,,,,,,,,,,,,,,,,,,,,,,,,,6,,,,,,,,,,,,,
1,03,"Christine Digman",REP,Member City Council,010,,,,,,,,,,,,,,,68,,,,,,,,,,,,,,,,,,,,,,,,,,,,,,,,,,907,,,,,,,900,,,,,,,,,,,,,
1,03,"Edward L. Reisinger",DEM,Member City Council,010,Y,,,,,,,,,,,,,,147,,,,,,,,,,,,,,,,,,,,,,,,,,,,,,,,,,4496,,,,,,,2042,,,,,,,,,,,,,
1,03,"Amanda E. Maminski",GRN,Member City Council,010,,Y,,,,,,,,,,,,,2,,,,,,,,,,,,,,,,,,,,,,,,,,,,,,,,,,26,,,,,,,14,,,,,,,,,,,,,
1,03,"Other Write-Ins",BOT,Member City Council,010,,Y,,,,,,,,,,,,,0,,,,,,,,,,,,,,,,,,,,,,,,,,,,,,,,,,14,,,,,,,22,,,,,,,,,,,,,
1,03,"Eric Costello",DEM,Member City Council,011,Y,,182,,,,,,,,,,,,1113,,,,,,,,,,,,,,,,,,,,,,,,,,,,,,,,,,7152,,,,,,,4360,,,,,,,,,,,,,
1,03,"Other Write-Ins",BOT,Member City Council,011,,Y,4,,,,,,,,,,,,18,,,,,,,,,,,,,,,,,,,,,,,,,,,,,,,,,,241,,,,,,,85,,,,,,,,,,,,,
1,03,"Robert Stokes, Sr.",DEM,Member City Council,012,Y,,4033,,,,,,,,,,,,,,,,,,,,,,,,,,,,,,,,,,1886,,,,,,,,,,,,1084,,,,,,,,,,,,,,,,,,,,
1,03,"Ian Schlakman",GRN,Member City Council,012,,,636,,,,,,,,,,,,,,,,,,,,,,,,,,,,,,,,,,644,,,,,,,,,,,,105,,,,,,,,,,,,,,,,,,,,
1,03,"Frank W. Richardson",UNF,Member City Council,012,,,188,,,,,,,,,,,,,,,,,,,,,,,,,,,,,,,,,,281,,,,,,,,,,,,33,,,,,,,,,,,,,,,,,,,,
1,03,"Dan Sparaco",UNF,Member City Council,012,,,582,,,,,,,,,,,,,,,,,,,,,,,,,,,,,,,,,,528,,,,,,,,,,,,81,,,,,,,,,,,,,,,,,,,,
1,03,"Other Write-Ins",BOT,Member City Council,012,,Y,20,,,,,,,,,,,,,,,,,,,,,,,,,,,,,,,,,,24,,,,,,,,,,,,4,,,,,,,,,,,,,,,,,,,,
1,03,"George Johnson",REP,Member City Council,013,,,404,,,,,,,,,,,,,,,,,,,,,,,,,,,,,,,,,,,,,,,,,,,,,,202,,,,,,,,,,,,,,,,,,,,
1,03,"Shannon Sneed",DEM,Member City Council,013,Y,,6834,,,,,,,,,,,,,,,,,,,,,,,,,,,,,,,,,,,,,,,,,,,,,,1461,,,,,,,,,,,,,,,,,,,,
1,03,"Other Write-Ins",BOT,Member City Council,013,,Y,12,,,,,,,,,,,,,,,,,,,,,,,,,,,,,,,,,,,,,,,,,,,,,,8,,,,,,,,,,,,,,,,,,,,
1,03,"Mary Pat Clarke",DEM,Member City Council,014,Y,,139,,,,,,,,,,,,,,,,,,,,,,,,,,,,,,,,,,7944,,,,,,,,,,,,,,,,,,,1276,822,,,,,,,,,,,,
1,03,"David Harding",UNF,Member City Council,014,,,4,,,,,,,,,,,,,,,,,,,,,,,,,,,,,,,,,,779,,,,,,,,,,,,,,,,,,,168,85,,,,,,,,,,,,
1,03,"Other Write-Ins",BOT,Member City Council,014,,Y,0,,,,,,,,,,,,,,,,,,,,,,,,,,,,,,,,,,37,,,,,,,,,,,,,,,,,,,3,0,,,,,,,,,,,,
1,08,"Alan McCarthy",REP,County Executive       ,,Y,,,,,,,,,,,,,,,,,,,,,,,,,,,,,,,,,,,,,,,6607,,,,,,,,,,,,8437,,,,,,5682,,,,,,,,,,,
1,08,"Wayne Lee Tome, Sr.",DEM,County Executive       ,,,,,,,,,,,,,,,,,,,,,,,,,,,,,,,,,,,,,,,,,3181,,,,,,,,,,,,4332,,,,,,2283,,,,,,,,,,,
1,08,"Other Write-Ins",BOT,County Executive       ,,,Y,,,,,,,,,,,,,,,,,,,,,,,,,,,,,,,,,,,,,,26,,,,,,,,,,,,31,,,,,,15,,,,,,,,,,,
1,08,"Bob Meffley",REP,County Council         ,001,Y,,,,,,,,,,,,,,,,,,,,,,,,,,,,,,,,,,,,,,,8193,,,,,,,,,,,,10633,,,,,,6947,,,,,,,,,,,
1,08,"Other Write-Ins",BOT,County Council         ,001,,Y,,,,,,,,,,,,,,,,,,,,,,,,,,,,,,,,,,,,,,138,,,,,,,,,,,,194,,,,,,82,,,,,,,,,,,
1,08,"Jackie Gregory",REP,County Council         ,005,Y,,,,,,,,,,,,,,,,,,,,,,,,,,,,,,,,,,,,,,,7789,,,,,,,,,,,,10388,,,,,,6809,,,,,,,,,,,
1,08,"Other Write-Ins",BOT,County Council         ,005,,Y,,,,,,,,,,,,,,,,,,,,,,,,,,,,,,,,,,,,,,131,,,,,,,,,,,,194,,,,,,87,,,,,,,,,,,
1,21,"Stephen Kehoe",BOT,Judge of the Circuit Court,02,Y,,,,,8026,,,,,,,,,,,,,,,,,,,,,,,,,,,,,,,,,,,,,,,,,,,,,,,,,,,,,,,,,,,,,,,
1,21,"Other Write-Ins",BOT,Judge of the Circuit Court,02,,Y,,,,94,,,,,,,,,,,,,,,,,,,,,,,,,,,,,,,,,,,,,,,,,,,,,,,,,,,,,,,,,,,,,,,
1,04,"Kathleen G. Cox",BOT,Judge of the Circuit Court,03,Y,,,,,,,,,23132,,,,,,13991,,,,,,,,13456,8997,,22709,,,,,,,,,,,,19464,,,,,,,,7587,,,,,,,,,,,,,,,,20096,,21480,,,,
1,04,"Leo Wayne Dymowski",BOT,Judge of the Circuit Court,03,,,,,,,,,,9733,,,,,,6537,,,,,,,,4717,3812,,7257,,,,,,,,,,,,6494,,,,,,,,2544,,,,,,,,,,,,,,,,7846,,8844,,,,
1,04,"Keith R. Truffer",BOT,Judge of the Circuit Court,03,Y,,,,,,,,,12291,,,,,,8036,,,,,,,,6998,4835,,13935,,,,,,,,,,,,10390,,,,,,,,4822,,,,,,,,,,,,,,,,11955,,11396,,,,
1,04,"Other Write-Ins",BOT,Judge of the Circuit Court,03,,Y,,,,,,,,326,,,,,,219,,,,,,,,187,140,,372,,,,,,,,,,,,265,,,,,,,,127,,,,,,,,,,,,,,,,291,,263,,,,
1,13,"Kevin J. Mahoney",BOT,Judge of the Circuit Court,03,Y,,,,,,,,,,,,16889,,,17645,,,,,,,11441,,,,,,,,,,,,,,,,,,,,,,,,,,,,,,,,,,,18508,,,,,,,,,,,
1,13,"Other Write-Ins",BOT,Judge of the Circuit Court,03,,Y,,,,,,,,,,,302,,,293,,,,,,,186,,,,,,,,,,,,,,,,,,,,,,,,,,,,,,,,,,,307,,,,,,,,,,,
1,01,"Jeffrey S. Getty",BOT,Judge of the Circuit Court,04,Y,,,,,,,,,,,,,,,,,,,,,,,,,,,,,,,,,,,,,,,,,,,,,,,,,,,,,,11647,,,,,,3687,5539,,,,,,,
1,01,"Other Write-Ins",BOT,Judge of the Circuit Court,04,,Y,,,,,,,,,,,,,,,,,,,,,,,,,,,,,,,,,,,,,,,,,,,,,,,,,,,,,134,,,,,,16,81,,,,,,,
1,12,"Raymond G. Strubin",BOT,Judge of the Circuit Court,04,Y,,,,,,,,,,,,,,,,,,,,,,,,,,,,,,,,,,,,,,,,,,,,,,,,,,,,,,,,,,,,8171,,,,,,,,
1,12,"Other Write-Ins",BOT,Judge of the Circuit Court,04,,Y,,,,,,,,,,,,,,,,,,,,,,,,,,,,,,,,,,,,,,,,,,,,,,,,,,,,,,,,,,,212,,,,,,,,
1,22,"Viki M. Pauler",BOT,Judge of the Circuit Court,04,Y,,,,,,,,24190,,,,,,,,,,,,,,,,,,,,,,,,,,,,,,,,,,,,,,,,,,,,,,,,,,,,,5003,,,,7910,,,
1,22,"Other Write-Ins",BOT,Judge of the Circuit Court,04,,Y,,,,,,,267,,,,,,,,,,,,,,,,,,,,,,,,,,,,,,,,,,,,,,,,,,,,,,,,,,,,,60,,,,108,,,
1,02,"Claudia Barber",BOT,Judge of the Circuit Court,05,,,,,,,,,,,,8305,,,,,,,,,3061,4626,,,,,,,,9282,13878,,,,,15105,,,,,,,,,,,,4329,,,,,,,,,,,,,,,,,,,,,
1,02,"Glenn Klavans",BOT,Judge of the Circuit Court,05,Y,,,,,,,,,,,10603,,,,,,,,,3651,4508,,,,,,,,16086,23381,,,,,15114,,,,,,,,,,,,6163,,,,,,,,,,,,,,,,,,,,,
1,02,"Stacy W. McCormack",BOT,Judge of the Circuit Court,05,Y,,,,,,,,,,,12559,,,,,,,,,4393,5691,,,,,,,,17907,26878,,,,,18679,,,,,,,,,,,,7086,,,,,,,,,,,,,,,,,,,,,
1,02,"Donna Schaeffer",BOT,Judge of the Circuit Court,05,Y,,,,,,,,,,,13029,,,,,,,,,4639,5916,,,,,,,,18765,27435,,,,,19344,,,,,,,,,,,,7261,,,,,,,,,,,,,,,,,,,,,
1,02,"Cathy Vitale",BOT,Judge of the Circuit Court,05,Y,,,,,,,,,,,12584,,,,,,,,,4332,5222,,,,,,,,18460,30010,,,,,17397,,,,,,,,,,,,6843,,,,,,,,,,,,,,,,,,,,,
1,02,"Other Write-Ins",BOT,Judge of the Circuit Court,05,,Y,,,,,,,,,,276,,,,,,,,,86,115,,,,,,,,296,489,,,,,472,,,,,,,,,,,,179,,,,,,,,,,,,,,,,,,,,,
1,14,"Mary Kramer",BOT,Judge of the Circuit Court,05,Y,,,,,,,,,,,,,,,,,29054,,,,,,,13229,,,,,,,,,,,,,,,,,8304,15361,,,,,,,,,,,,,,,,,,,,,,,,,,
1,14,"Other Write-Ins",BOT,Judge of the Circuit Court,05,,Y,,,,,,,,,,,,,,,,479,,,,,,,209,,,,,,,,,,,,,,,,,125,269,,,,,,,,,,,,,,,,,,,,,,,,,,
1,11,"Julie Stevenson Solt",BOT,Judge of the Circuit Court,06,Y,,,,,,34644,,,,,,,,,,11931,,,,,,,,,,,,,,,,,,,,,,,,18822,,,,,,,,,,,,,,,,,,,,,,,,,,,,
1,11,"Other Write-Ins",BOT,Judge of the Circuit Court,06,,Y,,,,,423,,,,,,,,,,138,,,,,,,,,,,,,,,,,,,,,,,,258,,,,,,,,,,,,,,,,,,,,,,,,,,,,
1,16,"John M. Maloney",BOT,Judge of the Circuit Court,06,Y,,,,,,,,,,,,,,,,,,17761,,,,,,,18836,,,,,,21884,15589,19388,,,,,,,,,,18389,,,,,,,,,20452,19639,,,,,,,,,,,,,,,
1,16,"Karla N. Smith",BOT,Judge of the Circuit Court,06,Y,,,,,,,,,,,,,,,,,,17168,,,,,,,19150,,,,,,21886,16861,18820,,,,,,,,,,17516,,,,,,,,,20014,18375,,,,,,,,,,,,,,,
1,16,"Harry C. Storm",BOT,Judge of the Circuit Court,06,Y,,,,,,,,,,,,,,,,,,14037,,,,,,,15746,,,,,,19113,13119,15288,,,,,,,,,,13531,,,,,,,,,15863,15831,,,,,,,,,,,,,,,
1,16,"Other Write-Ins",BOT,Judge of the Circuit Court,06,,Y,,,,,,,,,,,,,,,,,452,,,,,,,511,,,,,,534,412,484,,,,,,,,,,383,,,,,,,,,537,512,,,,,,,,,,,,,,,
1,17,"April T. Ademiluyi",BOT,Judge of the Circuit Court,07,,,,8624,,,,6412,,,1990,,,,,,,,,,8001,,,,,,,,10560,,,,,,3180,,,8767,,,,,,,,,,,,1369,,,,,,,,,10275,,,,,,,,1984,6256,
1,17,"Herman C. Dawson",BOT,Judge of the Circuit Court,07,Y,,,13087,,,,7573,,,2388,,,,,,,,,,9470,,,,,,,,12378,,,,,,3999,,,13046,,,,,,,,,,,,2208,,,,,,,,,13988,,,,,,,,3452,9703,
1,17,"Dorothy Michelle Engel",BOT,Judge of the Circuit Court,07,Y,,,13871,,,,8735,,,2658,,,,,,,,,,10694,,,,,,,,14444,,,,,,4449,,,13819,,,,,,,,,,,,2304,,,,,,,,,14636,,,,,,,,3730,10662,
1,17,"Karen Holliday Mason",BOT,Judge of the Circuit Court,07,Y,,,14784,,,,8962,,,2716,,,,,,,,,,10812,,,,,,,,14613,,,,,,4475,,,14747,,,,,,,,,,,,2482,,,,,,,,,15402,,,,,,,,3866,10844,
1,17,"Ingrid Turner",BOT,Judge of the Circuit Court,07,Y,,,14055,,,,8304,,,2484,,,,,,,,,,9881,,,,,,,,14515,,,,,,4665,,,14353,,,,,,,,,,,,2430,,,,,,,,,15133,,,,,,,,3677,11730,
1,17,"Other Write-Ins",BOT,Judge of the Circuit Court,07,,Y,,266,,,,187,,,70,,,,,,,,,,353,,,,,,,,343,,,,,,131,,,222,,,,,,,,,,,,49,,,,,,,,,258,,,,,,,,75,226,
1,03,"Shannon E. Avery",BOT,Judge of the Circuit Court,08,Y,,14610,,,,,,,,,,,,4249,,,,,,,,,,,,,,,,,,,,,,14984,,,,,,,,,,,,14429,,,,,,,13828,13215,,,,,,,,,,,,
1,03,"Audrey J. Sylvia Carrion",BOT,Judge of the Circuit Court,08,Y,,10958,,,,,,,,,,,,3235,,,,,,,,,,,,,,,,,,,,,,12401,,,,,,,,,,,,12157,,,,,,,10907,10959,,,,,,,,,,,,
1,03,"Michael A. DiPietro",BOT,Judge of the Circuit Court,08,Y,,12131,,,,,,,,,,,,3400,,,,,,,,,,,,,,,,,,,,,,13236,,,,,,,,,,,,14461,,,,,,,11794,11611,,,,,,,,,,,,
1,03,"Karen Chaya Friedman",BOT,Judge of the Circuit Court,08,Y,,12462,,,,,,,,,,,,3824,,,,,,,,,,,,,,,,,,,,,,13760,,,,,,,,,,,,12764,,,,,,,12229,13600,,,,,,,,,,,,
1,03,"Wanda Keyes Heard",BOT,Judge of the Circuit Court,08,Y,,12383,,,,,,,,,,,,3733,,,,,,,,,,,,,,,,,,,,,,13590,,,,,,,,,,,,12348,,,,,,,11996,11883,,,,,,,,,,,,
1,03,"Cynthia H. Jones",BOT,Judge of the Circuit Court,08,Y,,13335,,,,,,,,,,,,4091,,,,,,,,,,,,,,,,,,,,,,14249,,,,,,,,,,,,13022,,,,,,,12878,12707,,,,,,,,,,,,
1,03,"Other Write-Ins",BOT,Judge of the Circuit Court,08,,Y,549,,,,,,,,,,,,148,,,,,,,,,,,,,,,,,,,,,,692,,,,,,,,,,,,714,,,,,,,495,532,,,,,,,,,,,,
1,00,"Michele D. Hotten",BOT,Judge Court of Appeals,04,Y,,,20968,,,,12740,,,3744,,,,,,,,,,15345,,,,,,,,20904,,,,,,6689,,,20741,,,,,,,,,,,,3407,,,,,,,,,22384,,,,,,,,5014,15132,
2,00,"Michele D. Hotten",BOT,Judge Court of Appeals,04,Y,,,3564,,,,2088,,,663,,,,,,,,,,2793,,,,,,,,3414,,,,,,1283,,,3386,,,,,,,,,,,,718,,,,,,,,,3728,,,,,,,,1025,2719,
1,00,"Clayton Greene, Jr.",BOT,Judge Court of Appeals,05,Y,,,,9781,,,,,,,15189,,28588,,,,,,8034,5223,7197,,,,,,,,19669,30110,,,,,23141,,,,,,,,,,9354,,8186,,6093,10035,,,,,,,,,,,,,,,,4195,,
2,00,"Clayton Greene, Jr.",BOT,Judge Court of Appeals,05,Y,,,,2356,,,,,,,3353,,7847,,,,,,1953,1446,2209,,,,,,,,6138,7735,,,,,6649,,,,,,,,,,2331,,2426,,1419,2294,,,,,,,,,,,,,,,,1119,,
1,00,"Dan Friedman",BOT,Judge Special Appeals At Large,,Y,,17652,19440,9516,19246,34585,11783,21821,23051,3531,14301,14823,27591,5406,29390,10723,25802,20056,7854,19675,6960,9984,13140,20622,21086,23370,7786,19578,18836,28865,24477,18243,21598,6238,22083,18151,19095,18824,25268,16803,7318,20481,20251,30997,9222,7533,7863,18821,9120,9828,9128,23110,21671,9803,17394,17044,21647,20655,6552,9955,9152,19975,10703,20432,6917,8668,14263,9253
2,00,"Dan Friedman",BOT,Judge Special Appeals At Large,,Y,,5600,4766,2521,3553,6278,2826,3549,6783,824,3750,4114,8643,1713,7948,1721,5464,3684,2069,4854,2328,2071,3820,5121,3406,4727,1692,4379,6534,8361,3462,2611,4078,1639,7379,5083,4705,5356,5351,2929,1327,4982,4562,9107,2367,1462,2527,4607,2388,2473,1842,5243,4964,1373,4931,4018,4783,5096,1724,1334,1510,5233,2332,6996,1288,2568,3396,1964
1,00,"Timothy E. Meredith",BOT,Judge Special Appeals,05,Y,,,,9694,,,,,,,14592,,28174,,,,,,8004,5131,6957,,,,,,,,19028,29629,,,,,22163,,,,,,,,,,9387,,8041,,6097,10050,,,,,,,,,,,,,,,,4086,,
2,00,"Timothy E. Meredith",BOT,Judge Special Appeals,05,Y,,,,2297,,,,,,,3351,,8074,,,,,,1894,1401,2271,,,,,,,,6193,7427,,,,,7135,,,,,,,,,,2173,,2265,,1323,2216,,,,,,,,,,,,,,,,1188,,
1,00,"Patrick L. Woodward",BOT,Judge Special Appeals,07,Y,,,,,,,,,,,,,,,,,,20103,,,,,,,20952,,,,,,24325,17939,21542,,,,,,,,,,20388,,,,,,,,,23295,22163,,,,,,,,,,,,,,,
2,00,"Patrick L. Woodward",BOT,Judge Special Appeals,07,Y,,,,,,,,,,,,,,,,,,3388,,,,,,,3199,,,,,,3113,2615,3785,,,,,,,,,,4182,,,,,,,,,4747,4100,,,,,,,,,,,,,,,
1,08,"Kevin B. Emmerich",NON,Board of Education,001,,,,,,,,,,,,,,,,,,,,,,,,,,,,,,,,,,,,,,,,3641,,,,,,,,,,,,5465,,,,,,3658,,,,,,,,,,,
1,08,"William Clark Manlove",NON,Board of Education,001,Y,,,,,,,,,,,,,,,,,,,,,,,,,,,,,,,,,,,,,,,4651,,,,,,,,,,,,5351,,,,,,3005,,,,,,,,,,,
1,08,"Other Write-Ins",NON,Board of Education,001,,Y,,,,,,,,,,,,,,,,,,,,,,,,,,,,,,,,,,,,,,50,,,,,,,,,,,,82,,,,,,50,,,,,,,,,,,
1,08,"Jim Fazzino",NON,Board of Education,002,Y,,,,,,,,,,,,,,,,,,,,,,,,,,,,,,,,,,,,,,,7485,,,,,,,,,,,,9862,,,,,,6187,,,,,,,,,,,
1,08,"Ron Lobos",NON,Board of Education,002,,Y,,,,,,,,,,,,,,,,,,,,,,,,,,,,,,,,,,,,,,60,,,,,,,,,,,,131,,,,,,101,,,,,,,,,,,
1,08,"Other Write-Ins",NON,Board of Education,002,,Y,,,,,,,,,,,,,,,,,,,,,,,,,,,,,,,,,,,,,,74,,,,,,,,,,,,113,,,,,,69,,,,,,,,,,,
1,22,"Bob Bruchey",NON,Mayor of Hagerstown,HG,Y,,,,,,,,30,,,,,,,,,,,,,,,,,,,,,,,,,,,,,,,,,,,,,,,,,,,,,,,,,,,,,,,,,4957,,,
1,22,"David S. Gysberts",NON,Mayor of Hagerstown,HG,,,,,,,,,30,,,,,,,,,,,,,,,,,,,,,,,,,,,,,,,,,,,,,,,,,,,,,,,,,,,,,,,,,4523,,,
1,22,"Other Write-Ins",NON,Mayor of Hagerstown,HG,,Y,,,,,,,0,,,,,,,,,,,,,,,,,,,,,,,,,,,,,,,,,,,,,,,,,,,,,,,,,,,,,,,,,66,,,
1,22,"Kristin B. Aleshire",NON,Hagerstown Council,HG,Y,,,,,,,,27,,,,,,,,,,,,,,,,,,,,,,,,,,,,,,,,,,,,,,,,,,,,,,,,,,,,,,,,,4745,,,
1,22,"Paul D. Corderman",NON,Hagerstown Council,HG,Y,,,,,,,,30,,,,,,,,,,,,,,,,,,,,,,,,,,,,,,,,,,,,,,,,,,,,,,,,,,,,,,,,,5011,,,
1,22,"Emily Keller",NON,Hagerstown Council,HG,Y,,,,,,,,36,,,,,,,,,,,,,,,,,,,,,,,,,,,,,,,,,,,,,,,,,,,,,,,,,,,,,,,,,5553,,,
1,22,"Dot  McDonald-Kline",NON,Hagerstown Council,HG,,,,,,,,,17,,,,,,,,,,,,,,,,,,,,,,,,,,,,,,,,,,,,,,,,,,,,,,,,,,,,,,,,,1583,,,
1,22,"Lewis C. Metzner",NON,Hagerstown Council,HG,Y,,,,,,,,24,,,,,,,,,,,,,,,,,,,,,,,,,,,,,,,,,,,,,,,,,,,,,,,,,,,,,,,,,4363,,,
1,22,"Don Munson",NON,Hagerstown Council,HG,Y,,,,,,,,24,,,,,,,,,,,,,,,,,,,,,,,,,,,,,,,,,,,,,,,,,,,,,,,,,,,,,,,,,4647,,,
1,22,"Penny May Nigh",NON,Hagerstown Council,HG,,,,,,,,,29,,,,,,,,,,,,,,,,,,,,,,,,,,,,,,,,,,,,,,,,,,,,,,,,,,,,,,,,,4469,,,
1,22,"Carlos Reyes",NON,Hagerstown Council,HG,,,,,,,,,13,,,,,,,,,,,,,,,,,,,,,,,,,,,,,,,,,,,,,,,,,,,,,,,,,,,,,,,,,2266,,,
1,22,"Aaron C. Smith",NON,Hagerstown Council,HG,,,,,,,,,9,,,,,,,,,,,,,,,,,,,,,,,,,,,,,,,,,,,,,,,,,,,,,,,,,,,,,,,,,1831,,,
1,22,"Other Write-Ins",NON,Hagerstown Council,HG,,Y,,,,,,,0,,,,,,,,,,,,,,,,,,,,,,,,,,,,,,,,,,,,,,,,,,,,,,,,,,,,,,,,,121,,,
1,01,"Lorelee Farrell",NON,Board of Education     ,,Y,,,,,,,,,,,,,,,,,,,,,,,,,,,,,,,,,,,,,,,,,,,,,,,,,,,,,,6560,,,,,,1910,3184,,,,,,,
1,01,"Tammy Marie Fraley",NON,Board of Education     ,,Y,,,,,,,,,,,,,,,,,,,,,,,,,,,,,,,,,,,,,,,,,,,,,,,,,,,,,,6711,,,,,,1658,3428,,,,,,,
1,01,"Nicholas T. Hadley",NON,Board of Education     ,,,,,,,,,,,,,,,,,,,,,,,,,,,,,,,,,,,,,,,,,,,,,,,,,,,,,,,,5319,,,,,,2294,2262,,,,,,,
1,01,"Other Write-Ins",NON,Board of Education     ,,,Y,,,,,,,,,,,,,,,,,,,,,,,,,,,,,,,,,,,,,,,,,,,,,,,,,,,,,98,,,,,,15,36,,,,,,,
1,07,"Marsha B. Herbert",NON,Board of Education     ,,Y,,,,,,1675,,,,,,,,,,,,,,,,,,,,,,,,,,,,,,,,,,,,3888,,21433,,,,,,,,,,,,,,,,,,,,,,,,
1,07,"Julie Kingsley",NON,Board of Education     ,,,,,,,,2964,,,,,,,,,,,,,,,,,,,,,,,,,,,,,,,,,,,,5093,,16700,,,,,,,,,,,,,,,,,,,,,,,,
1,07,"Mary Kowalski",NON,Board of Education     ,,,,,,,,847,,,,,,,,,,,,,,,,,,,,,,,,,,,,,,,,,,,,2511,,10999,,,,,,,,,,,,,,,,,,,,,,,,
1,07,"Donna Sivigny",NON,Board of Education     ,,Y,,,,,,2055,,,,,,,,,,,,,,,,,,,,,,,,,,,,,,,,,,,,4746,,23462,,,,,,,,,,,,,,,,,,,,,,,,
1,07,"Other Write-Ins",NON,Board of Education     ,,,Y,,,,,44,,,,,,,,,,,,,,,,,,,,,,,,,,,,,,,,,,,,79,,328,,,,,,,,,,,,,,,,,,,,,,,,
1,11,"Michael G. Bunitsky",NON,Board of Education     ,,Y,,,,,,21326,,,,,,,,,,7101,,,,,,,,,,,,,,,,,,,,,,,,12279,,,,,,,,,,,,,,,,,,,,,,,,,,,,
1,11,"Ken Kerr",NON,Board of Education     ,,Y,,,,,,21848,,,,,,,,,,7556,,,,,,,,,,,,,,,,,,,,,,,,12504,,,,,,,,,,,,,,,,,,,,,,,,,,,,
1,11,"Cindy Rose",NON,Board of Education     ,,,,,,,,19642,,,,,,,,,,6435,,,,,,,,,,,,,,,,,,,,,,,,9596,,,,,,,,,,,,,,,,,,,,,,,,,,,,
1,11,"Joy Schaefer",NON,Board of Education     ,,Y,,,,,,22725,,,,,,,,,,8221,,,,,,,,,,,,,,,,,,,,,,,,13413,,,,,,,,,,,,,,,,,,,,,,,,,,,,
1,11,"Other Write-Ins",NON,Board of Education     ,,,Y,,,,,487,,,,,,,,,,187,,,,,,,,,,,,,,,,,,,,,,,,317,,,,,,,,,,,,,,,,,,,,,,,,,,,,
1,14,"Kirsten Coombs",NON,Board of Education     ,,Y,,,,,,,,,,,,,,,,,20260,,,,,,,9671,,,,,,,,,,,,,,,,,6378,10792,,,,,,,,,,,,,,,,,,,,,,,,,,
1,14,"Vicky Cutroneo",NON,Board of Education     ,,,,,,,,,,,,,,,,,,,9000,,,,,,,4042,,,,,,,,,,,,,,,,,3443,8498,,,,,,,,,,,,,,,,,,,,,,,,,,
1,14,"Christina Delmont-Small",NON,Board of Education     ,,Y,,,,,,,,,,,,,,,,,16581,,,,,,,7634,,,,,,,,,,,,,,,,,5282,10438,,,,,,,,,,,,,,,,,,,,,,,,,,
1,14,"Mavis Ellis",NON,Board of Education     ,,Y,,,,,,,,,,,,,,,,,14677,,,,,,,7257,,,,,,,,,,,,,,,,,3906,6112,,,,,,,,,,,,,,,,,,,,,,,,,,
1,14,"Robert Wayne Miller",NON,Board of Education     ,,,,,,,,,,,,,,,,,,,10189,,,,,,,4456,,,,,,,,,,,,,,,,,2769,5356,,,,,,,,,,,,,,,,,,,,,,,,,,
1,14,"Janet Siddiqui",NON,Board of Education     ,,,,,,,,,,,,,,,,,,,12814,,,,,,,5813,,,,,,,,,,,,,,,,,3482,6329,,,,,,,,,,,,,,,,,,,,,,,,,,
1,14,"Other Write-Ins",NON,Board of Education     ,,,Y,,,,,,,,,,,,,,,,442,,,,,,,189,,,,,,,,,,,,,,,,,91,175,,,,,,,,,,,,,,,,,,,,,,,,,,
1,15,"Steven G. Atkinson",NON,Board of Education     ,,,,,,,,,,,,,,,,,,,,,,,,,,,,,,,,,,,,,,,,,1739,,,,,,,,,,,,,,,,,,,,,,,,,,,,,
1,15,"Joe Goetz",NON,Board of Education     ,,Y,,,,,,,,,,,,,,,,,,,,,,,,,,,,,,,,,,,,,,,2485,,,,,,,,,,,,,,,,,,,,,,,,,,,,,
1,15,"Ellsworth L. Tolliver",NON,Board of Education     ,,,,,,,,,,,,,,,,,,,,,,,,,,,,,,,,,,,,,,,,,1598,,,,,,,,,,,,,,,,,,,,,,,,,,,,,
1,15,"A. Bryan Williams",NON,Board of Education     ,,Y,,,,,,,,,,,,,,,,,,,,,,,,,,,,,,,,,,,,,,,2961,,,,,,,,,,,,,,,,,,,,,,,,,,,,,
1,15,"Other Write-Ins",NON,Board of Education     ,,,Y,,,,,,,,,,,,,,,,,,,,,,,,,,,,,,,,,,,,,,52,,,,,,,,,,,,,,,,,,,,,,,,,,,,,
1,22,"Pieter Bickford",NON,Board of Education     ,,Y,,,,,,,,12971,,,,,,,,,,,,,,,,,,,,,,,,,,,,,,,,,,,,,,,,,,,,,,,,,,,,,2654,,,,4037,,,
1,22,"Donna L. Brightman",NON,Board of Education     ,,,,,,,,,,11334,,,,,,,,,,,,,,,,,,,,,,,,,,,,,,,,,,,,,,,,,,,,,,,,,,,,,2261,,,,3857,,,
1,22,"Al Martin",NON,Board of Education     ,,,,,,,,,,10769,,,,,,,,,,,,,,,,,,,,,,,,,,,,,,,,,,,,,,,,,,,,,,,,,,,,,2154,,,,3108,,,
1,22,"Linda Murray",NON,Board of Education     ,,,,,,,,,,11221,,,,,,,,,,,,,,,,,,,,,,,,,,,,,,,,,,,,,,,,,,,,,,,,,,,,,2471,,,,3877,,,
1,22,"Wayne D. Ridenour",NON,Board of Education     ,,Y,,,,,,,,14164,,,,,,,,,,,,,,,,,,,,,,,,,,,,,,,,,,,,,,,,,,,,,,,,,,,,,2566,,,,3785,,,
1,22,"Stan Stouffer",NON,Board of Education     ,,Y,,,,,,,,12487,,,,,,,,,,,,,,,,,,,,,,,,,,,,,,,,,,,,,,,,,,,,,,,,,,,,,2942,,,,3344,,,
1,22,"Melissa Williams",NON,Board of Education     ,,Y,,,,,,,,12746,,,,,,,,,,,,,,,,,,,,,,,,,,,,,,,,,,,,,,,,,,,,,,,,,,,,,2601,,,,4320,,,
1,22,"Other Write-Ins",NON,Board of Education     ,,,Y,,,,,,,310,,,,,,,,,,,,,,,,,,,,,,,,,,,,,,,,,,,,,,,,,,,,,,,,,,,,,64,,,,79,,,
1,12,"Charlotte Sebold",NON,Board of Education At Large,,Y,,,,,,,,,,,,,,,,,,,,,,,,,,,,,,,,,,,,,,,,,,,,,,,,,,,,,,,,,,,,5759,,,,,,,,
1,12,"Tom Woods",NON,Board of Education At Large,,Y,,,,,,,,,,,,,,,,,,,,,,,,,,,,,,,,,,,,,,,,,,,,,,,,,,,,,,,,,,,,6317,,,,,,,,
1,12,"Other Write-Ins",NON,Board of Education At Large,,,Y,,,,,,,,,,,,,,,,,,,,,,,,,,,,,,,,,,,,,,,,,,,,,,,,,,,,,,,,,,,86,,,,,,,,
1,16,"Jeanette Dixon",NON,Board of Education At Large,,Y,,,,,,,,,,,,,,,,,,12889,,,,,,,13740,,,,,,13570,13925,14802,,,,,,,,,,14837,,,,,,,,,17245,13212,,,,,,,,,,,,,,,
1,16,"Phil Kauffman",NON,Board of Education At Large,,,,,,,,,,,,,,,,,,,,10471,,,,,,,9910,,,,,,13614,6705,10415,,,,,,,,,,9581,,,,,,,,,11405,13329,,,,,,,,,,,,,,,
1,16,"Other Write-Ins",NON,Board of Education At Large,,,Y,,,,,,,,,,,,,,,,,177,,,,,,,194,,,,,,191,133,181,,,,,,,,,,170,,,,,,,,,208,209,,,,,,,,,,,,,,,
1,19,"Cathy Allen",NON,Board of Education At Large,,Y,,,,,,,,,,,,,,,,,,,6690,,,,,,,,,,,,,,,,,,,,,,,,,,6809,,,,,3635,,,,,,,,,,,,,,,,,,
1,19,"Chris Krush",NON,Board of Education At Large,,,,,,,,,,,,,,,,,,,,,3327,,,,,,,,,,,,,,,,,,,,,,,,,,5427,,,,,2532,,,,,,,,,,,,,,,,,,
1,19,"Other Write-Ins",NON,Board of Education At Large,,,Y,,,,,,,,,,,,,,,,,,70,,,,,,,,,,,,,,,,,,,,,,,,,,32,,,,,30,,,,,,,,,,,,,,,,,,
1,16,"Brandon Orman Rippeon",NON,Board of Education     ,002,,,,,,,,,,,,,,,,,,,7748,,,,,,,7087,,,,,,7652,6285,8532,,,,,,,,,,9189,,,,,,,,,10542,10653,,,,,,,,,,,,,,,
1,16,"Rebecca Smondrowski",NON,Board of Education     ,002,Y,,,,,,,,,,,,,,,,,,14786,,,,,,,15242,,,,,,17559,13017,15382,,,,,,,,,,14581,,,,,,,,,16471,15019,,,,,,,,,,,,,,,
1,16,"Other Write-Ins",NON,Board of Education     ,002,,Y,,,,,,,,,,,,,,,,,170,,,,,,,204,,,,,,190,175,176,,,,,,,,,,163,,,,,,,,,208,186,,,,,,,,,,,,,,,
1,16,"Shebra Evans",NON,Board of Education     ,004,Y,,,,,,,,,,,,,,,,,,14656,,,,,,,15138,,,,,,16156,13351,16602,,,,,,,,,,15400,,,,,,,,,18267,14867,,,,,,,,,,,,,,,
1,16,"Anjali Reed Phukan",NON,Board of Education     ,004,,,,,,,,,,,,,,,,,,,7095,,,,,,,6691,,,,,,8315,5804,6840,,,,,,,,,,7868,,,,,,,,,7997,9830,,,,,,,,,,,,,,,
1,16,"Other Write-Ins",NON,Board of Education     ,004,,Y,,,,,,,,,,,,,,,,,188,,,,,,,229,,,,,,216,171,206,,,,,,,,,,165,,,,,,,,,242,215,,,,,,,,,,,,,,,
1,06,"Louise M. Cheek",NON,Board of Education     ,001,Y,,,,,,,,,,,,,,,,,,,,,,,,,,,,,,,,,,,,,,,2722,,,,,,,,,,,,,,,,,,,,,,,,,,,,,
1,06,"Other Write-Ins",NON,Board of Education     ,001,,Y,,,,,,,,,,,,,,,,,,,,,,,,,,,,,,,,,,,,,,46,,,,,,,,,,,,,,,,,,,,,,,,,,,,,
1,17,"Raul Jurado",NON,Board of Education     ,001,,,,,,,,,,,,,,,,,,,,,3976,,,,,,,,175,,,,,,1145,,,,,,,,,,,,,,,,,,,,,,,,182,,,,,,,,,57,
1,17,"David H. Murray",NON,Board of Education     ,001,Y,,,,,,,,,,,,,,,,,,,,9273,,,,,,,,363,,,,,,2546,,,,,,,,,,,,,,,,,,,,,,,,451,,,,,,,,,163,
1,17,"Other Write-Ins",NON,Board of Education     ,001,,Y,,,,,,,,,,,,,,,,,,,76,,,,,,,,4,,,,,,49,,,,,,,,,,,,,,,,,,,,,,,,3,,,,,,,,,3,
1,06,"Kathy S. Dill",NON,Board of Education     ,002,,,,,,,,,,,,,,,,,,,,,,,,,,,,,,,,,,,,,,,,1107,,,,,,,,,,,,,,,,,,,,,,,,,,,,,
1,06,"C. Tolbert Rowe",NON,Board of Education     ,002,Y,,,,,,,,,,,,,,,,,,,,,,,,,,,,,,,,,,,,,,,1312,,,,,,,,,,,,,,,,,,,,,,,,,,,,,
1,06,"Other Write-Ins",NON,Board of Education     ,002,,Y,,,,,,,,,,,,,,,,,,,,,,,,,,,,,,,,,,,,,,12,,,,,,,,,,,,,,,,,,,,,,,,,,,,,
1,21,"Juanita Sue Hopkins",NON,Board of Education     ,002,Y,,,,,1019,,,,,,,,,,,,,,,,,,,,,,,,,,,,,,,,,,,,,,,,,,,,,,,,,,,,,,,,,,,,,,,
1,21,"Other Write-Ins",NON,Board of Education     ,002,,Y,,,,15,,,,,,,,,,,,,,,,,,,,,,,,,,,,,,,,,,,,,,,,,,,,,,,,,,,,,,,,,,,,,,,
1,17,"Patricia Eubanks",NON,Board of Education     ,004,Y,,,,,,,5625,,,,,,,,,,,,,,,,,,,,,4190,,,,,,,,,,,,,,,,,,,,,,,,,,,,,,2726,,,,,,,,,,
1,17,"Abel Olivo",NON,Board of Education     ,004,,,,,,,,3363,,,,,,,,,,,,,,,,,,,,,2045,,,,,,,,,,,,,,,,,,,,,,,,,,,,,,1033,,,,,,,,,,
1,17,"Other Write-Ins",NON,Board of Education     ,004,,Y,,,,,,39,,,,,,,,,,,,,,,,,,,,,36,,,,,,,,,,,,,,,,,,,,,,,,,,,,,,26,,,,,,,,,,
1,21,"Susie Hayward",NON,Board of Education     ,004,Y,,,,,1338,,,,,,,,,,,,,,,,,,,,,,,,,,,,,,,,,,,,,,,,,,,,,,,,,,,,,,,,,,,,,,,
1,21,"Other Write-Ins",NON,Board of Education     ,004,,Y,,,,9,,,,,,,,,,,,,,,,,,,,,,,,,,,,,,,,,,,,,,,,,,,,,,,,,,,,,,,,,,,,,,,
1,17,"Raaheela Ahmed",NON,Board of Education     ,005,Y,,,,,,,,,,,,,,,,,,,,,,,,,,,,,,,,,,2839,,,1104,,,,,,,,,,,,,,,,,,,,,1723,,,,,,,,,8484,
1,17,"Cheryl Landis",NON,Board of Education     ,005,,,,,,,,,,,,,,,,,,,,,,,,,,,,,,,,,,,1726,,,589,,,,,,,,,,,,,,,,,,,,,944,,,,,,,,,6130,
1,17,"Other Write-Ins",NON,Board of Education     ,005,,Y,,,,,,,,,,,,,,,,,,,,,,,,,,,,,,,,,18,,,1,,,,,,,,,,,,,,,,,,,,,12,,,,,,,,,47,
1,21,"Susan Delean-Botkin",NON,Board of Education     ,005,Y,,,,,845,,,,,,,,,,,,,,,,,,,,,,,,,,,,,,,,,,,,,,,,,,,,,,,,,,,,,,,,,,,,,,,
1,21,"David Short",NON,Board of Education     ,005,,,,,,578,,,,,,,,,,,,,,,,,,,,,,,,,,,,,,,,,,,,,,,,,,,,,,,,,,,,,,,,,,,,,,,
1,21,"Other Write-Ins",NON,Board of Education     ,005,,Y,,,,10,,,,,,,,,,,,,,,,,,,,,,,,,,,,,,,,,,,,,,,,,,,,,,,,,,,,,,,,,,,,,,,
1,21,"Harry Rieck, III",NON,Board of Education     ,006,Y,,,,,1027,,,,,,,,,,,,,,,,,,,,,,,,,,,,,,,,,,,,,,,,,,,,,,,,,,,,,,,,,,,,,,,
1,21,"Other Write-Ins",NON,Board of Education     ,006,,Y,,,,12,,,,,,,,,,,,,,,,,,,,,,,,,,,,,,,,,,,,,,,,,,,,,,,,,,,,,,,,,,,,,,,
1,17,"John E. Richardson",NON,Board of Education     ,007,,,,1406,,,,,,,,,,,,,,,,,,,,,,,,,,,,,,,,,,3429,,,,,,,,,,,,,,,,,,,,,1864,,,,,,,,,,
1,17,"K. Alexander Wallace",NON,Board of Education     ,007,Y,,,2045,,,,,,,,,,,,,,,,,,,,,,,,,,,,,,,,,,6407,,,,,,,,,,,,,,,,,,,,,2920,,,,,,,,,,
1,17,"Other Write-Ins",NON,Board of Education     ,007,,Y,,28,,,,,,,,,,,,,,,,,,,,,,,,,,,,,,,,,,57,,,,,,,,,,,,,,,,,,,,,33,,,,,,,,,,
1,17,"Edward Burroughs, III",NON,Board of Education     ,008,Y,,,11552,,,,,,,,,,,,,,,,,,,,,,,,,,,,,,,,,,1546,,,,,,,,,,,,,,,,,,,,,,,,,,,,,,,
1,17,"Stephanie Hinton",NON,Board of Education     ,008,,,,6304,,,,,,,,,,,,,,,,,,,,,,,,,,,,,,,,,,1034,,,,,,,,,,,,,,,,,,,,,,,,,,,,,,,
1,17,"Other Write-Ins",NON,Board of Education     ,008,,Y,,77,,,,,,,,,,,,,,,,,,,,,,,,,,,,,,,,,,7,,,,,,,,,,,,,,,,,,,,,,,,,,,,,,,
1,05,"Dawn C. Balinski",NON,Board of Education     ,001,Y,,,,6755,,,,,,,,,,,,,,,,,,,,,,,,,,,,,,,,,,,,,,,,,,,,,4350,3825,,,,,,,,,,,,,,,,,,
1,05,"Stephen C. Jones, Jr.",NON,Board of Education     ,001,,,,,4831,,,,,,,,,,,,,,,,,,,,,,,,,,,,,,,,,,,,,,,,,,,,,2833,2395,,,,,,,,,,,,,,,,,,
1,05,"Other Write-Ins",NON,Board of Education     ,001,,Y,,,76,,,,,,,,,,,,,,,,,,,,,,,,,,,,,,,,,,,,,,,,,,,,,38,27,,,,,,,,,,,,,,,,,,
1,05,"Nancy Vaeth Highsmith",NON,Board of Education     ,002,,,,,5875,,,,,,,,,,,,,,,,,,,,,,,,,,,,,,,,,,,,,,,,,,,,,3468,3428,,,,,,,,,,,,,,,,,,
1,05,"Tracy H. McGuire",NON,Board of Education     ,002,Y,,,,6068,,,,,,,,,,,,,,,,,,,,,,,,,,,,,,,,,,,,,,,,,,,,,3986,2927,,,,,,,,,,,,,,,,,,
1,05,"Other Write-Ins",NON,Board of Education     ,002,,Y,,,61,,,,,,,,,,,,,,,,,,,,,,,,,,,,,,,,,,,,,,,,,,,,,25,17,,,,,,,,,,,,,,,,,,
1,19,"Jim Davis",NON,Board of Education     ,002,Y,,,,,,,,,,,,,,,,,,,5808,,,,,,,,,,,,,,,,,,,,,,,,,,7593,,,,,3513,,,,,,,,,,,,,,,,,,
1,19,"Justin Fiore",NON,Board of Education     ,002,,,,,,,,,,,,,,,,,,,,3689,,,,,,,,,,,,,,,,,,,,,,,,,,3760,,,,,2285,,,,,,,,,,,,,,,,,,
1,19,"Other Write-Ins",NON,Board of Education     ,002,,Y,,,,,,,,,,,,,,,,,,74,,,,,,,,,,,,,,,,,,,,,,,,,,41,,,,,40,,,,,,,,,,,,,,,,,,
1,05,"Erin L. Knowles",NON,Board of Education     ,003,,,,,4538,,,,,,,,,,,,,,,,,,,,,,,,,,,,,,,,,,,,,,,,,,,,,3242,2188,,,,,,,,,,,,,,,,,,
1,05,"Kelly McConkey",NON,Board of Education     ,003,Y,,,,7890,,,,,,,,,,,,,,,,,,,,,,,,,,,,,,,,,,,,,,,,,,,,,4783,4129,,,,,,,,,,,,,,,,,,
1,05,"Other Write-Ins",NON,Board of Education     ,003,,Y,,,58,,,,,,,,,,,,,,,,,,,,,,,,,,,,,,,,,,,,,,,,,,,,,27,20,,,,,,,,,,,,,,,,,,
1,18,"Beverly G. Kelley",NON,Board of Education     ,003,Y,,,,,,,,,,,,,,,,,,,,,,,,,,,,,,,,,,,,,,,10260,,,,,,,,,,,,,,,,,,,,,,,,,,,,,
1,18,"Other Write-Ins",NON,Board of Education     ,003,,Y,,,,,,,,,,,,,,,,,,,,,,,,,,,,,,,,,,,,,,599,,,,,,,,,,,,,,,,,,,,,,,,,,,,,
1,18,"Sharyn G. Harlow",NON,Board of Education     ,004,Y,,,,,,,,,,,,,,,,,,,,,,,,,,,,,,,,,,,,,,,8377,,,,,,,,,,,,,,,,,,,,,,,,,,,,,
1,18,"Tammy Harper",NON,Board of Education     ,004,,Y,,,,,,,,,,,,,,,,,,,,,,,,,,,,,,,,,,,,,,2840,,,,,,,,,,,,,,,,,,,,,,,,,,,,,
1,18,"Other Write-Ins",NON,Board of Education     ,004,,Y,,,,,,,,,,,,,,,,,,,,,,,,,,,,,,,,,,,,,,97,,,,,,,,,,,,,,,,,,,,,,,,,,,,,
1,19,"Mary M. Washington",NON,Board of Education     ,004,Y,,,,,,,,,,,,,,,,,,,9467,,,,,,,,,,,,,,,,,,,,,,,,,,10713,,,,,5563,,,,,,,,,,,,,,,,,,
1,19,"Other Write-Ins",NON,Board of Education     ,004,,Y,,,,,,,,,,,,,,,,,,202,,,,,,,,,,,,,,,,,,,,,,,,,,224,,,,,134,,,,,,,,,,,,,,,,,,
1,20,"Warner I. Sumpter",NON,Board of Education     ,002,Y,,,,,,,,,,,,,,,,,,,,,,,,,,,,,,,,,,,,,,,,,,,,,,,,,,,,,,,,,,,,,,,,,,,,749
1,20,"Other Write-Ins",NON,Board of Education     ,002,,Y,,,,,,,,,,,,,,,,,,,,,,,,,,,,,,,,,,,,,,,,,,,,,,,,,,,,,,,,,,,,,,,,,,,24
1,24,"Barry Q. Brittingham, Sr.",NON,Board of Education     ,002,Y,,,,,,,,,,,,,,,,,,,,,,,,,,,,,,,,,,,,,,,,,,,,,,,,,,,,,,,,,,,,,,,383,,,,,1461
1,24,"Other Write-Ins",NON,Board of Education     ,002,,Y,,,,,,,,,,,,,,,,,,,,,,,,,,,,,,,,,,,,,,,,,,,,,,,,,,,,,,,,,,,,,,3,,,,,17
1,24,"Francis Gebhart",NON,Board of Education     ,003,,,,,,,,,,,,,,,,,,,,,,,,,,,,,,,,,,,,,,,,,,,,,,,,,,,,,,,,,,,,,,,,1080,,,,,150
1,24,"Sara D. Thompson",NON,Board of Education     ,003,Y,,,,,,,,,,,,,,,,,,,,,,,,,,,,,,,,,,,,,,,,,,,,,,,,,,,,,,,,,,,,,,,1006,,,,,277
1,24,"Other Write-Ins",NON,Board of Education     ,003,,Y,,,,,,,,,,,,,,,,,,,,,,,,,,,,,,,,,,,,,,,,,,,,,,,,,,,,,,,,,,,,,,16,,,,,4
1,20,"Troy Brittingham, Jr.",NON,Board of Education     ,004,Y,,,,,,,,,,,,,,,,,,,,,,,,,,,,,,,,,,,,,,,,,,,,,,,,,,,,,,,,,,,,,,,,,,,,861
1,20,"Dan Kuebler",NON,Board of Education     ,004,,,,,,,,,,,,,,,,,,,,,,,,,,,,,,,,,,,,,,,,,,,,,,,,,,,,,,,,,,,,,,,,,,,,,740
1,20,"Other Write-Ins",NON,Board of Education     ,004,,Y,,,,,,,,,,,,,,,,,,,,,,,,,,,,,,,,,,,,,,,,,,,,,,,,,,,,,,,,,,,,,,,,,,,5
1,24,"Elena McComas",NON,Board of Education     ,005,Y,,,,,,,,,,,,,,,,,,,,,,,,,,,,,,,,,,,,,,,,,,,,,,,,,,,,,,,,,,,,,,,1239,,,,,
1,24,"Tom Terry",NON,Board of Education     ,005,,,,,,,,,,,,,,,,,,,,,,,,,,,,,,,,,,,,,,,,,,,,,,,,,,,,,,,,,,,,,,,,1099,,,,,
1,24,"Other Write-Ins",NON,Board of Education     ,005,,Y,,,,,,,,,,,,,,,,,,,,,,,,,,,,,,,,,,,,,,,,,,,,,,,,,,,,,,,,,,,,,,16,,,,,
1,10,"Glenn Levi Bramble",NON,Board of Education,001,Y,,,,,1008,,,,,,,,,,,,,,,,,,,,,,,,,,,,,,,,,,,,,,,,,,,,,,,,,,,,,,138,,,,,,,,,
1,10,"Robert G. Kirkley",NON,Board of Education,001,,,,,,1037,,,,,,,,,,,,,,,,,,,,,,,,,,,,,,,,,,,,,,,,,,,,,,,,,,,,,,94,,,,,,,,,
1,10,"Other Write-Ins",NON,Board of Education,001,,Y,,,,12,,,,,,,,,,,,,,,,,,,,,,,,,,,,,,,,,,,,,,,,,,,,,,,,,,,,,,1,,,,,,,,,
1,10,"Phil Rice",NON,Board of Education,003,Y,,,,,1100,,,,,,,,,,,,,,,,,,,,,,,,,,,,,,,,,,,,,,,,,,,,,,,,,,,,,,496,,,,,,,,,
1,10,"Other Write-Ins",NON,Board of Education,003,,Y,,,,9,,,,,,,,,,,,,,,,,,,,,,,,,,,,,,,,,,,,,,,,,,,,,,,,,,,,,,8,,,,,,,,,
1,10,"Laura Hill Layton",NON,Board of Education,005,Y,,,,,1264,,,,,,,,,,,,,,,,,,,,,,,,,,,,,,,,,,,,,,,,,,,,,,,,,,,,,,344,,,,,,,,,
1,10,"Voncia Molock",NON,Board of Education,005,,,,,,305,,,,,,,,,,,,,,,,,,,,,,,,,,,,,,,,,,,,,,,,,,,,,,,,,,,,,,253,,,,,,,,,
1,10,"Other Write-Ins",NON,Board of Education,005,,Y,,,,8,,,,,,,,,,,,,,,,,,,,,,,,,,,,,,,,,,,,,,,,,,,,,,,,,,,,,,2,,,,,,,,,
1,01,"David J. Caporale",NON,Council - City of Cumberland,CU,Y,,,,,,,,,,,,,,,,,,,,,,,,,,,,,,,,,,,,,,,,,,,,,,,,,,,,,,997,,,,,,,2585,,,,,,,
1,01,"Eugene T. Frazier",NON,Council - City of Cumberland,CU,Y,,,,,,,,,,,,,,,,,,,,,,,,,,,,,,,,,,,,,,,,,,,,,,,,,,,,,,451,,,,,,,1453,,,,,,,
1,01,"Joshua Greise",NON,Council - City of Cumberland,CU,,,,,,,,,,,,,,,,,,,,,,,,,,,,,,,,,,,,,,,,,,,,,,,,,,,,,,,224,,,,,,,502,,,,,,,
1,01,"John J. Sangiovanni",NON,Council - City of Cumberland,CU,,,,,,,,,,,,,,,,,,,,,,,,,,,,,,,,,,,,,,,,,,,,,,,,,,,,,,,452,,,,,,,1333,,,,,,,
1,01,"Ben Wolters",NON,Council - City of Cumberland,CU,,,,,,,,,,,,,,,,,,,,,,,,,,,,,,,,,,,,,,,,,,,,,,,,,,,,,,,439,,,,,,,1036,,,,,,,
1,02,"Thomas H. Frank",NON,Board of Education At Large,,Y,,,,,,,,,,,13303,,,,,,,,,4765,6597,,,,,,,,17402,26928,,,,,21077,,,,,,,,,,,,7426,,,,,,,,,,,,,,,,,,,,,
2,02,"Thomas H. Frank",NON,Board of Education At Large,,Y,,,,,,,,,,,4625,,,,,,,,,1778,2677,,,,,,,,7934,10282,,,,,8343,,,,,,,,,,,,2962,,,,,,,,,,,,,,,,,,,,,
1,02,"Julie K. Hummer",NON,Board of Education At Large,,Y,,,,,,,,,,,13569,,,,,,,,,4925,6749,,,,,,,,17718,27698,,,,,21798,,,,,,,,,,,,7539,,,,,,,,,,,,,,,,,,,,,
2,02,"Julie K. Hummer",NON,Board of Education At Large,,Y,,,,,,,,,,,4309,,,,,,,,,1618,2481,,,,,,,,7553,9419,,,,,7637,,,,,,,,,,,,2818,,,,,,,,,,,,,,,,,,,,,
1,02,"Maria Delores Sasso",NON,Board of Education,30,Y,,,,,,,,,,,13436,,,,,,,,,4834,6729,,,,,,,,17270,27051,,,,,21849,,,,,,,,,,,,7310,,,,,,,,,,,,,,,,,,,,,
2,02,"Maria Delores Sasso",NON,Board of Education,30,Y,,,,,,,,,,,4430,,,,,,,,,1685,2480,,,,,,,,7878,9897,,,,,7523,,,,,,,,,,,,2995,,,,,,,,,,,,,,,,,,,,,
1,02,"Terry R. Gilleland, Jr.",NON,Board of Education,31,Y,,,,,,,,,,,13304,,,,,,,,,4810,6684,,,,,,,,17449,26933,,,,,21436,,,,,,,,,,,,7353,,,,,,,,,,,,,,,,,,,,,
2,02,"Terry R. Gilleland, Jr.",NON,Board of Education,31,Y,,,,,,,,,,,4386,,,,,,,,,1694,2513,,,,,,,,7639,9744,,,,,7832,,,,,,,,,,,,2884,,,,,,,,,,,,,,,,,,,,,
1,02,"Eric Grannon",NON,Board of Education,33,Y,,,,,,,,,,,12789,,,,,,,,,4735,6522,,,,,,,,17013,26041,,,,,20921,,,,,,,,,,,,7212,,,,,,,,,,,,,,,,,,,,,
2,02,"Eric Grannon",NON,Board of Education,33,Y,,,,,,,,,,,4818,,,,,,,,,1725,2571,,,,,,,,7779,10462,,,,,8064,,,,,,,,,,,,2952,,,,,,,,,,,,,,,,,,,,,
